solid OpenSCAD_Model
  facet normal 1 0 0
    outer loop
      vertex 1000 0 500
      vertex 1000 500 0
      vertex 1000 500 500
    endloop
  endfacet
  facet normal 1 0 0
    outer loop
      vertex 1000 500 0
      vertex 1000 0 500
      vertex 1000 0 0
    endloop
  endfacet
  facet normal 0 0 -1
    outer loop
      vertex 15 35 500
      vertex 35 465 500
      vertex 35 35 500
    endloop
  endfacet
  facet normal 0 0 -1
    outer loop
      vertex 35 465 500
      vertex 15 35 500
      vertex 15 465 500
    endloop
  endfacet
  facet normal 0 0 -1
    outer loop
      vertex 35 35 500
      vertex 965 35 500
      vertex 965 15 500
    endloop
  endfacet
  facet normal 0 0 -1
    outer loop
      vertex 965 35 500
      vertex 35 35 500
      vertex 965 465 500
    endloop
  endfacet
  facet normal 0 0 -1
    outer loop
      vertex 35 35 500
      vertex 965 15 500
      vertex 35 15 500
    endloop
  endfacet
  facet normal 0 0 -1
    outer loop
      vertex 35 465 500
      vertex 965 465 500
      vertex 35 35 500
    endloop
  endfacet
  facet normal 0 0 -1
    outer loop
      vertex 965 465 500
      vertex 35 465 500
      vertex 965 467 500
    endloop
  endfacet
  facet normal 0 0 -1
    outer loop
      vertex 965 467 500
      vertex 35 465 500
      vertex 35 467 500
    endloop
  endfacet
  facet normal 0 0 -1
    outer loop
      vertex 965 35 500
      vertex 985 465 500
      vertex 985 35 500
    endloop
  endfacet
  facet normal 0 0 -1
    outer loop
      vertex 985 465 500
      vertex 965 35 500
      vertex 965 465 500
    endloop
  endfacet
  facet normal 0 0 -1
    outer loop
      vertex 1020 -20 500
      vertex 1000 0 500
      vertex 1020 520 500
    endloop
  endfacet
  facet normal 0 0 -1
    outer loop
      vertex 521.7677612304688 -9.767767906188965 500
      vertex 1000 0 500
      vertex 1020 -20 500
    endloop
  endfacet
  facet normal 0 0 -1
    outer loop
      vertex 1000 0 500
      vertex 522.4786376953125 -8.326315879821777 500
      vertex 522.5 -8 500
    endloop
  endfacet
  facet normal 0 0 -1
    outer loop
      vertex 1000 0 500
      vertex 522.414794921875 -8.647047996520996 500
      vertex 522.4786376953125 -8.326315879821777 500
    endloop
  endfacet
  facet normal 0 0 -1
    outer loop
      vertex 1000 0 500
      vertex 522.3096923828125 -8.956708908081055 500
      vertex 522.414794921875 -8.647047996520996 500
    endloop
  endfacet
  facet normal 0 0 -1
    outer loop
      vertex 1000 0 500
      vertex 522.1650390625 -9.25 500
      vertex 522.3096923828125 -8.956708908081055 500
    endloop
  endfacet
  facet normal 0 0 -1
    outer loop
      vertex 1000 0 500
      vertex 521.9833984375 -9.521903991699219 500
      vertex 522.1650390625 -9.25 500
    endloop
  endfacet
  facet normal 0 0 -1
    outer loop
      vertex 1000 0 500
      vertex 521.7677612304688 -9.767767906188965 500
      vertex 521.9833984375 -9.521903991699219 500
    endloop
  endfacet
  facet normal 0 0 -1
    outer loop
      vertex 1020 -20 500
      vertex 521.5219116210938 -9.983384132385254 500
      vertex 521.7677612304688 -9.767767906188965 500
    endloop
  endfacet
  facet normal 0 0 -1
    outer loop
      vertex 1020 -20 500
      vertex 521.25 -10.165063858032227 500
      vertex 521.5219116210938 -9.983384132385254 500
    endloop
  endfacet
  facet normal 0 0 -1
    outer loop
      vertex 1020 -20 500
      vertex 520.9567260742188 -10.309699058532715 500
      vertex 521.25 -10.165063858032227 500
    endloop
  endfacet
  facet normal 0 0 -1
    outer loop
      vertex 1020 -20 500
      vertex 520.6470336914062 -10.414814949035645 500
      vertex 520.9567260742188 -10.309699058532715 500
    endloop
  endfacet
  facet normal 0 0 -1
    outer loop
      vertex 1020 -20 500
      vertex 520.3262939453125 -10.478612899780273 500
      vertex 520.6470336914062 -10.414814949035645 500
    endloop
  endfacet
  facet normal 0 0 -1
    outer loop
      vertex 1020 -20 500
      vertex 520 -10.5 500
      vertex 520.3262939453125 -10.478612899780273 500
    endloop
  endfacet
  facet normal 0 0 -1
    outer loop
      vertex 517.5213623046875 -8.326315879821777 500
      vertex 482.5 -8 500
      vertex 517.5 -8 500
    endloop
  endfacet
  facet normal 0 0 -1
    outer loop
      vertex 482.4786071777344 -8.326315879821777 500
      vertex 517.5213623046875 -8.326315879821777 500
      vertex 517.585205078125 -8.647047996520996 500
    endloop
  endfacet
  facet normal 0 0 -1
    outer loop
      vertex 482.4148254394531 -8.647047996520996 500
      vertex 517.585205078125 -8.647047996520996 500
      vertex 517.6903076171875 -8.956708908081055 500
    endloop
  endfacet
  facet normal 0 0 -1
    outer loop
      vertex 482.3096923828125 -8.956708908081055 500
      vertex 517.6903076171875 -8.956708908081055 500
      vertex 517.8349609375 -9.25 500
    endloop
  endfacet
  facet normal 0 0 -1
    outer loop
      vertex 482.1650695800781 -9.25 500
      vertex 517.8349609375 -9.25 500
      vertex 518.0166015625 -9.521903991699219 500
    endloop
  endfacet
  facet normal 0 0 -1
    outer loop
      vertex 481.9833984375 -9.521903991699219 500
      vertex 518.0166015625 -9.521903991699219 500
      vertex 518.2322387695312 -9.767767906188965 500
    endloop
  endfacet
  facet normal 0 0 -1
    outer loop
      vertex 481.76776123046875 -9.767767906188965 500
      vertex 518.2322387695312 -9.767767906188965 500
      vertex 518.4780883789062 -9.983384132385254 500
    endloop
  endfacet
  facet normal 0 0 -1
    outer loop
      vertex 481.52191162109375 -9.983384132385254 500
      vertex 518.4780883789062 -9.983384132385254 500
      vertex 518.75 -10.165063858032227 500
    endloop
  endfacet
  facet normal 0 0 -1
    outer loop
      vertex 481.25 -10.165063858032227 500
      vertex 518.75 -10.165063858032227 500
      vertex 519.0432739257812 -10.309699058532715 500
    endloop
  endfacet
  facet normal 0 0 -1
    outer loop
      vertex 480.9566955566406 -10.309699058532715 500
      vertex 519.0432739257812 -10.309699058532715 500
      vertex 519.3529663085938 -10.414814949035645 500
    endloop
  endfacet
  facet normal 0 0 -1
    outer loop
      vertex 480.64703369140625 -10.414814949035645 500
      vertex 519.3529663085938 -10.414814949035645 500
      vertex 519.6737060546875 -10.478612899780273 500
    endloop
  endfacet
  facet normal 0 0 -1
    outer loop
      vertex 517.5213623046875 -8.326315879821777 500
      vertex 482.4786071777344 -8.326315879821777 500
      vertex 482.5 -8 500
    endloop
  endfacet
  facet normal 0 0 -1
    outer loop
      vertex 480.3263244628906 -10.478612899780273 500
      vertex 519.6737060546875 -10.478612899780273 500
      vertex 520 -10.5 500
    endloop
  endfacet
  facet normal 0 0 -1
    outer loop
      vertex 517.585205078125 -8.647047996520996 500
      vertex 482.4148254394531 -8.647047996520996 500
      vertex 482.4786071777344 -8.326315879821777 500
    endloop
  endfacet
  facet normal 0 0 -1
    outer loop
      vertex 517.6903076171875 -8.956708908081055 500
      vertex 482.3096923828125 -8.956708908081055 500
      vertex 482.4148254394531 -8.647047996520996 500
    endloop
  endfacet
  facet normal 0 0 -1
    outer loop
      vertex 517.8349609375 -9.25 500
      vertex 482.1650695800781 -9.25 500
      vertex 482.3096923828125 -8.956708908081055 500
    endloop
  endfacet
  facet normal 0 0 -1
    outer loop
      vertex 518.0166015625 -9.521903991699219 500
      vertex 481.9833984375 -9.521903991699219 500
      vertex 482.1650695800781 -9.25 500
    endloop
  endfacet
  facet normal 0 0 -1
    outer loop
      vertex 518.2322387695312 -9.767767906188965 500
      vertex 481.76776123046875 -9.767767906188965 500
      vertex 481.9833984375 -9.521903991699219 500
    endloop
  endfacet
  facet normal 0 0 -1
    outer loop
      vertex 518.4780883789062 -9.983384132385254 500
      vertex 481.52191162109375 -9.983384132385254 500
      vertex 481.76776123046875 -9.767767906188965 500
    endloop
  endfacet
  facet normal 0 0 -1
    outer loop
      vertex 480 -10.5 500
      vertex 520 -10.5 500
      vertex 1020 -20 500
    endloop
  endfacet
  facet normal 0 0 -1
    outer loop
      vertex 518.75 -10.165063858032227 500
      vertex 481.25 -10.165063858032227 500
      vertex 481.52191162109375 -9.983384132385254 500
    endloop
  endfacet
  facet normal 0 0 -1
    outer loop
      vertex 519.0432739257812 -10.309699058532715 500
      vertex 480.9566955566406 -10.309699058532715 500
      vertex 481.25 -10.165063858032227 500
    endloop
  endfacet
  facet normal 0 0 -1
    outer loop
      vertex 519.3529663085938 -10.414814949035645 500
      vertex 480.64703369140625 -10.414814949035645 500
      vertex 480.9566955566406 -10.309699058532715 500
    endloop
  endfacet
  facet normal 0 0 -1
    outer loop
      vertex 519.6737060546875 -10.478612899780273 500
      vertex 480.3263244628906 -10.478612899780273 500
      vertex 480.64703369140625 -10.414814949035645 500
    endloop
  endfacet
  facet normal 0 0 -1
    outer loop
      vertex 520 -10.5 500
      vertex 480 -10.5 500
      vertex 480.3263244628906 -10.478612899780273 500
    endloop
  endfacet
  facet normal 0 0 -1
    outer loop
      vertex 477.5213928222656 -8.326315879821777 500
      vertex 0 0 500
      vertex 477.5 -8 500
    endloop
  endfacet
  facet normal 0 0 -1
    outer loop
      vertex 477.5851745605469 -8.647047996520996 500
      vertex 0 0 500
      vertex 477.5213928222656 -8.326315879821777 500
    endloop
  endfacet
  facet normal 0 0 -1
    outer loop
      vertex 477.6903076171875 -8.956708908081055 500
      vertex 0 0 500
      vertex 477.5851745605469 -8.647047996520996 500
    endloop
  endfacet
  facet normal 0 0 -1
    outer loop
      vertex 477.8349304199219 -9.25 500
      vertex 0 0 500
      vertex 477.6903076171875 -8.956708908081055 500
    endloop
  endfacet
  facet normal 0 0 -1
    outer loop
      vertex 478.0166015625 -9.521903991699219 500
      vertex 0 0 500
      vertex 477.8349304199219 -9.25 500
    endloop
  endfacet
  facet normal 0 0 -1
    outer loop
      vertex 478.23223876953125 -9.767767906188965 500
      vertex 0 0 500
      vertex 478.0166015625 -9.521903991699219 500
    endloop
  endfacet
  facet normal 0 0 -1
    outer loop
      vertex -20 -20 500
      vertex 478.23223876953125 -9.767767906188965 500
      vertex 478.47808837890625 -9.983384132385254 500
    endloop
  endfacet
  facet normal 0 0 -1
    outer loop
      vertex -20 -20 500
      vertex 478.47808837890625 -9.983384132385254 500
      vertex 478.75 -10.165063858032227 500
    endloop
  endfacet
  facet normal 0 0 -1
    outer loop
      vertex -20 -20 500
      vertex 478.75 -10.165063858032227 500
      vertex 479.0433044433594 -10.309699058532715 500
    endloop
  endfacet
  facet normal 0 0 -1
    outer loop
      vertex -20 -20 500
      vertex 479.0433044433594 -10.309699058532715 500
      vertex 479.35296630859375 -10.414814949035645 500
    endloop
  endfacet
  facet normal 0 0 -1
    outer loop
      vertex -20 -20 500
      vertex 479.35296630859375 -10.414814949035645 500
      vertex 479.6736755371094 -10.478612899780273 500
    endloop
  endfacet
  facet normal 0 0 -1
    outer loop
      vertex -20 -20 500
      vertex 479.6736755371094 -10.478612899780273 500
      vertex 480 -10.5 500
    endloop
  endfacet
  facet normal 0 0 -1
    outer loop
      vertex 0 0 500
      vertex -20 -20 500
      vertex 0 500 500
    endloop
  endfacet
  facet normal 0 0 -1
    outer loop
      vertex 478.23223876953125 -9.767767906188965 500
      vertex -20 -20 500
      vertex 0 0 500
    endloop
  endfacet
  facet normal 0 0 -1
    outer loop
      vertex -20 -20 500
      vertex 480 -10.5 500
      vertex 1020 -20 500
    endloop
  endfacet
  facet normal 0 0 -1
    outer loop
      vertex 1000 500 500
      vertex 1020 520 500
      vertex 1000 0 500
    endloop
  endfacet
  facet normal 0 0 -1
    outer loop
      vertex 0 500 500
      vertex 1020 520 500
      vertex 1000 500 500
    endloop
  endfacet
  facet normal 0 0 -1
    outer loop
      vertex 0 500 500
      vertex -20 520 500
      vertex 1020 520 500
    endloop
  endfacet
  facet normal 0 0 -1
    outer loop
      vertex -20 520 500
      vertex 0 500 500
      vertex -20 -20 500
    endloop
  endfacet
  facet normal 0 0 -1
    outer loop
      vertex 522.4786376953125 -7.673685073852539 500
      vertex 1000 0 500
      vertex 522.5 -8 500
    endloop
  endfacet
  facet normal 0 0 -1
    outer loop
      vertex 522.414794921875 -7.35295295715332 500
      vertex 1000 0 500
      vertex 522.4786376953125 -7.673685073852539 500
    endloop
  endfacet
  facet normal 0 0 -1
    outer loop
      vertex 522.3096923828125 -7.043292045593262 500
      vertex 1000 0 500
      vertex 522.414794921875 -7.35295295715332 500
    endloop
  endfacet
  facet normal 0 0 -1
    outer loop
      vertex 522.1650390625 -6.75 500
      vertex 1000 0 500
      vertex 522.3096923828125 -7.043292045593262 500
    endloop
  endfacet
  facet normal 0 0 -1
    outer loop
      vertex 521.9833984375 -6.478096961975098 500
      vertex 1000 0 500
      vertex 522.1650390625 -6.75 500
    endloop
  endfacet
  facet normal 0 0 -1
    outer loop
      vertex 521.7677612304688 -6.232233047485352 500
      vertex 1000 0 500
      vertex 521.9833984375 -6.478096961975098 500
    endloop
  endfacet
  facet normal 0 0 -1
    outer loop
      vertex 521.5219116210938 -6.0166168212890625 500
      vertex 1000 0 500
      vertex 521.7677612304688 -6.232233047485352 500
    endloop
  endfacet
  facet normal 0 0 -1
    outer loop
      vertex 521.25 -5.83493709564209 500
      vertex 1000 0 500
      vertex 521.5219116210938 -6.0166168212890625 500
    endloop
  endfacet
  facet normal 0 0 -1
    outer loop
      vertex 520.9567260742188 -5.690301895141602 500
      vertex 1000 0 500
      vertex 521.25 -5.83493709564209 500
    endloop
  endfacet
  facet normal 0 0 -1
    outer loop
      vertex 520.6470336914062 -5.585186004638672 500
      vertex 1000 0 500
      vertex 520.9567260742188 -5.690301895141602 500
    endloop
  endfacet
  facet normal 0 0 -1
    outer loop
      vertex 520.3262939453125 -5.521388053894043 500
      vertex 1000 0 500
      vertex 520.6470336914062 -5.585186004638672 500
    endloop
  endfacet
  facet normal 0 0 -1
    outer loop
      vertex 520 -5.5 500
      vertex 1000 0 500
      vertex 520.3262939453125 -5.521388053894043 500
    endloop
  endfacet
  facet normal 0 0 -1
    outer loop
      vertex 482.5 -8 500
      vertex 517.5213623046875 -7.673685073852539 500
      vertex 517.5 -8 500
    endloop
  endfacet
  facet normal 0 0 -1
    outer loop
      vertex 482.4786071777344 -7.673685073852539 500
      vertex 517.5213623046875 -7.673685073852539 500
      vertex 482.5 -8 500
    endloop
  endfacet
  facet normal 0 0 -1
    outer loop
      vertex 517.5213623046875 -7.673685073852539 500
      vertex 482.4786071777344 -7.673685073852539 500
      vertex 517.585205078125 -7.35295295715332 500
    endloop
  endfacet
  facet normal 0 0 -1
    outer loop
      vertex 482.4148254394531 -7.35295295715332 500
      vertex 517.585205078125 -7.35295295715332 500
      vertex 482.4786071777344 -7.673685073852539 500
    endloop
  endfacet
  facet normal 0 0 -1
    outer loop
      vertex 517.585205078125 -7.35295295715332 500
      vertex 482.4148254394531 -7.35295295715332 500
      vertex 517.6903076171875 -7.043292045593262 500
    endloop
  endfacet
  facet normal 0 0 -1
    outer loop
      vertex 482.3096923828125 -7.043292045593262 500
      vertex 517.6903076171875 -7.043292045593262 500
      vertex 482.4148254394531 -7.35295295715332 500
    endloop
  endfacet
  facet normal 0 0 -1
    outer loop
      vertex 517.6903076171875 -7.043292045593262 500
      vertex 482.3096923828125 -7.043292045593262 500
      vertex 517.8349609375 -6.75 500
    endloop
  endfacet
  facet normal 0 0 -1
    outer loop
      vertex 482.1650695800781 -6.75 500
      vertex 517.8349609375 -6.75 500
      vertex 482.3096923828125 -7.043292045593262 500
    endloop
  endfacet
  facet normal 0 0 -1
    outer loop
      vertex 517.8349609375 -6.75 500
      vertex 482.1650695800781 -6.75 500
      vertex 518.0166015625 -6.478096961975098 500
    endloop
  endfacet
  facet normal 0 0 -1
    outer loop
      vertex 481.9833984375 -6.478096961975098 500
      vertex 518.0166015625 -6.478096961975098 500
      vertex 482.1650695800781 -6.75 500
    endloop
  endfacet
  facet normal 0 0 -1
    outer loop
      vertex 518.0166015625 -6.478096961975098 500
      vertex 481.9833984375 -6.478096961975098 500
      vertex 518.2322387695312 -6.232233047485352 500
    endloop
  endfacet
  facet normal 0 0 -1
    outer loop
      vertex 481.76776123046875 -6.232233047485352 500
      vertex 518.2322387695312 -6.232233047485352 500
      vertex 481.9833984375 -6.478096961975098 500
    endloop
  endfacet
  facet normal 0 0 -1
    outer loop
      vertex 518.2322387695312 -6.232233047485352 500
      vertex 481.76776123046875 -6.232233047485352 500
      vertex 518.4780883789062 -6.0166168212890625 500
    endloop
  endfacet
  facet normal 0 0 -1
    outer loop
      vertex 481.52191162109375 -6.0166168212890625 500
      vertex 518.4780883789062 -6.0166168212890625 500
      vertex 481.76776123046875 -6.232233047485352 500
    endloop
  endfacet
  facet normal 0 0 -1
    outer loop
      vertex 518.4780883789062 -6.0166168212890625 500
      vertex 481.52191162109375 -6.0166168212890625 500
      vertex 518.75 -5.83493709564209 500
    endloop
  endfacet
  facet normal 0 0 -1
    outer loop
      vertex 481.25 -5.83493709564209 500
      vertex 518.75 -5.83493709564209 500
      vertex 481.52191162109375 -6.0166168212890625 500
    endloop
  endfacet
  facet normal 0 0 -1
    outer loop
      vertex 518.75 -5.83493709564209 500
      vertex 481.25 -5.83493709564209 500
      vertex 519.0432739257812 -5.690301895141602 500
    endloop
  endfacet
  facet normal 0 0 -1
    outer loop
      vertex 480.9566955566406 -5.690301895141602 500
      vertex 519.0432739257812 -5.690301895141602 500
      vertex 481.25 -5.83493709564209 500
    endloop
  endfacet
  facet normal 0 0 -1
    outer loop
      vertex 519.0432739257812 -5.690301895141602 500
      vertex 480.9566955566406 -5.690301895141602 500
      vertex 519.3529663085938 -5.585186004638672 500
    endloop
  endfacet
  facet normal 0 0 -1
    outer loop
      vertex 480.64703369140625 -5.585186004638672 500
      vertex 519.3529663085938 -5.585186004638672 500
      vertex 480.9566955566406 -5.690301895141602 500
    endloop
  endfacet
  facet normal 0 0 -1
    outer loop
      vertex 519.3529663085938 -5.585186004638672 500
      vertex 480.64703369140625 -5.585186004638672 500
      vertex 519.6737060546875 -5.521388053894043 500
    endloop
  endfacet
  facet normal 0 0 -1
    outer loop
      vertex 480.3263244628906 -5.521388053894043 500
      vertex 519.6737060546875 -5.521388053894043 500
      vertex 480.64703369140625 -5.585186004638672 500
    endloop
  endfacet
  facet normal 0 0 -1
    outer loop
      vertex 519.6737060546875 -5.521388053894043 500
      vertex 480.3263244628906 -5.521388053894043 500
      vertex 520 -5.5 500
    endloop
  endfacet
  facet normal 0 0 -1
    outer loop
      vertex 480 -5.5 500
      vertex 520 -5.5 500
      vertex 480.3263244628906 -5.521388053894043 500
    endloop
  endfacet
  facet normal 0 0 -1
    outer loop
      vertex 520 -5.5 500
      vertex 480 -5.5 500
      vertex 1000 0 500
    endloop
  endfacet
  facet normal 0 0 -1
    outer loop
      vertex 480 -5.5 500
      vertex 0 0 500
      vertex 1000 0 500
    endloop
  endfacet
  facet normal 0 0 -1
    outer loop
      vertex 479.6736755371094 -5.521388053894043 500
      vertex 0 0 500
      vertex 480 -5.5 500
    endloop
  endfacet
  facet normal 0 0 -1
    outer loop
      vertex 479.35296630859375 -5.585186004638672 500
      vertex 0 0 500
      vertex 479.6736755371094 -5.521388053894043 500
    endloop
  endfacet
  facet normal 0 0 -1
    outer loop
      vertex 479.0433044433594 -5.690301895141602 500
      vertex 0 0 500
      vertex 479.35296630859375 -5.585186004638672 500
    endloop
  endfacet
  facet normal 0 0 -1
    outer loop
      vertex 478.75 -5.83493709564209 500
      vertex 0 0 500
      vertex 479.0433044433594 -5.690301895141602 500
    endloop
  endfacet
  facet normal 0 0 -1
    outer loop
      vertex 478.47808837890625 -6.0166168212890625 500
      vertex 0 0 500
      vertex 478.75 -5.83493709564209 500
    endloop
  endfacet
  facet normal 0 0 -1
    outer loop
      vertex 478.23223876953125 -6.232233047485352 500
      vertex 0 0 500
      vertex 478.47808837890625 -6.0166168212890625 500
    endloop
  endfacet
  facet normal 0 0 -1
    outer loop
      vertex 478.0166015625 -6.478096961975098 500
      vertex 0 0 500
      vertex 478.23223876953125 -6.232233047485352 500
    endloop
  endfacet
  facet normal 0 0 -1
    outer loop
      vertex 477.8349304199219 -6.75 500
      vertex 0 0 500
      vertex 478.0166015625 -6.478096961975098 500
    endloop
  endfacet
  facet normal 0 0 -1
    outer loop
      vertex 477.6903076171875 -7.043292045593262 500
      vertex 0 0 500
      vertex 477.8349304199219 -6.75 500
    endloop
  endfacet
  facet normal 0 0 -1
    outer loop
      vertex 477.5851745605469 -7.35295295715332 500
      vertex 0 0 500
      vertex 477.6903076171875 -7.043292045593262 500
    endloop
  endfacet
  facet normal 0 0 -1
    outer loop
      vertex 477.5213928222656 -7.673685073852539 500
      vertex 0 0 500
      vertex 477.5851745605469 -7.35295295715332 500
    endloop
  endfacet
  facet normal 0 0 -1
    outer loop
      vertex 0 0 500
      vertex 477.5213928222656 -7.673685073852539 500
      vertex 477.5 -8 500
    endloop
  endfacet
  facet normal 0 0 -1
    outer loop
      vertex 0 0 0
      vertex 1000 500 0
      vertex 1000 0 0
    endloop
  endfacet
  facet normal 0 0 -1
    outer loop
      vertex 1000 500 0
      vertex 0 0 0
      vertex 0 500 0
    endloop
  endfacet
  facet normal -1 0 0
    outer loop
      vertex 0 0 0
      vertex 0 500 500
      vertex 0 500 0
    endloop
  endfacet
  facet normal -1 0 0
    outer loop
      vertex 0 500 500
      vertex 0 0 0
      vertex 0 0 500
    endloop
  endfacet
  facet normal 0 1 0
    outer loop
      vertex 899.2168579101562 500 465.94866943359375
      vertex 1000 500 500
      vertex 900 500 466
    endloop
  endfacet
  facet normal 0 1 0
    outer loop
      vertex 1000 500 500
      vertex 900.7831420898438 500 465.94866943359375
      vertex 900 500 466
    endloop
  endfacet
  facet normal 0 1 0
    outer loop
      vertex 1000 500 500
      vertex 901.5529174804688 500 465.7955627441406
      vertex 900.7831420898438 500 465.94866943359375
    endloop
  endfacet
  facet normal 0 1 0
    outer loop
      vertex 1000 500 500
      vertex 902.2960815429688 500 465.54327392578125
      vertex 901.5529174804688 500 465.7955627441406
    endloop
  endfacet
  facet normal 0 1 0
    outer loop
      vertex 1000 500 500
      vertex 903 500 465.1961669921875
      vertex 902.2960815429688 500 465.54327392578125
    endloop
  endfacet
  facet normal 0 1 0
    outer loop
      vertex 1000 500 500
      vertex 903.652587890625 500 464.7601318359375
      vertex 903 500 465.1961669921875
    endloop
  endfacet
  facet normal 0 1 0
    outer loop
      vertex 1000 500 500
      vertex 904.2426147460938 500 464.2426452636719
      vertex 903.652587890625 500 464.7601318359375
    endloop
  endfacet
  facet normal 0 1 0
    outer loop
      vertex 1000 500 500
      vertex 904.7601318359375 500 463.6525573730469
      vertex 904.2426147460938 500 464.2426452636719
    endloop
  endfacet
  facet normal 0 1 0
    outer loop
      vertex 1000 500 500
      vertex 905.1961669921875 500 463
      vertex 904.7601318359375 500 463.6525573730469
    endloop
  endfacet
  facet normal 0 1 0
    outer loop
      vertex 1000 500 500
      vertex 905.5432739257812 500 462.2961120605469
      vertex 905.1961669921875 500 463
    endloop
  endfacet
  facet normal 0 1 0
    outer loop
      vertex 1000 500 500
      vertex 905.7955322265625 500 461.55291748046875
      vertex 905.5432739257812 500 462.2961120605469
    endloop
  endfacet
  facet normal 0 1 0
    outer loop
      vertex 1000 500 500
      vertex 905.9486694335938 500 460.78314208984375
      vertex 905.7955322265625 500 461.55291748046875
    endloop
  endfacet
  facet normal 0 1 0
    outer loop
      vertex 1000 500 500
      vertex 906 500 460
      vertex 905.9486694335938 500 460.78314208984375
    endloop
  endfacet
  facet normal 0 1 0
    outer loop
      vertex 1000 500 500
      vertex 905.9486694335938 500 459.21685791015625
      vertex 906 500 460
    endloop
  endfacet
  facet normal 0 1 0
    outer loop
      vertex 1000 500 500
      vertex 905.7955322265625 500 458.44708251953125
      vertex 905.9486694335938 500 459.21685791015625
    endloop
  endfacet
  facet normal 0 1 0
    outer loop
      vertex 1000 500 500
      vertex 905.5432739257812 500 457.7038879394531
      vertex 905.7955322265625 500 458.44708251953125
    endloop
  endfacet
  facet normal 0 1 0
    outer loop
      vertex 1000 500 500
      vertex 905.1961669921875 500 457
      vertex 905.5432739257812 500 457.7038879394531
    endloop
  endfacet
  facet normal 0 1 0
    outer loop
      vertex 1000 500 500
      vertex 904.7601318359375 500 456.3474426269531
      vertex 905.1961669921875 500 457
    endloop
  endfacet
  facet normal 0 1 0
    outer loop
      vertex 1000 500 500
      vertex 904.2426147460938 500 455.7573547363281
      vertex 904.7601318359375 500 456.3474426269531
    endloop
  endfacet
  facet normal 0 1 0
    outer loop
      vertex 1000 500 500
      vertex 903.652587890625 500 455.2398681640625
      vertex 904.2426147460938 500 455.7573547363281
    endloop
  endfacet
  facet normal 0 1 0
    outer loop
      vertex 1000 500 0
      vertex 903.652587890625 500 455.2398681640625
      vertex 1000 500 500
    endloop
  endfacet
  facet normal 0 1 0
    outer loop
      vertex 903.652587890625 500 455.2398681640625
      vertex 1000 500 0
      vertex 903 500 454.8038330078125
    endloop
  endfacet
  facet normal 0 1 0
    outer loop
      vertex 900.7831420898438 500 454.05133056640625
      vertex 1000 500 0
      vertex 900 500 454
    endloop
  endfacet
  facet normal 0 1 0
    outer loop
      vertex 901.5529174804688 500 454.2044372558594
      vertex 1000 500 0
      vertex 900.7831420898438 500 454.05133056640625
    endloop
  endfacet
  facet normal 0 1 0
    outer loop
      vertex 902.2960815429688 500 454.45672607421875
      vertex 1000 500 0
      vertex 901.5529174804688 500 454.2044372558594
    endloop
  endfacet
  facet normal 0 1 0
    outer loop
      vertex 903 500 454.8038330078125
      vertex 1000 500 0
      vertex 902.2960815429688 500 454.45672607421875
    endloop
  endfacet
  facet normal 0 1 0
    outer loop
      vertex 898.4470825195312 500 465.7955627441406
      vertex 1000 500 500
      vertex 899.2168579101562 500 465.94866943359375
    endloop
  endfacet
  facet normal 0 1 0
    outer loop
      vertex 1000 500 500
      vertex 898.4470825195312 500 465.7955627441406
      vertex 0 500 500
    endloop
  endfacet
  facet normal 0 1 0
    outer loop
      vertex 897.7039184570312 500 465.54327392578125
      vertex 0 500 500
      vertex 898.4470825195312 500 465.7955627441406
    endloop
  endfacet
  facet normal 0 1 0
    outer loop
      vertex 897 500 465.1961669921875
      vertex 0 500 500
      vertex 897.7039184570312 500 465.54327392578125
    endloop
  endfacet
  facet normal 0 1 0
    outer loop
      vertex 896.347412109375 500 464.7601318359375
      vertex 0 500 500
      vertex 897 500 465.1961669921875
    endloop
  endfacet
  facet normal 0 1 0
    outer loop
      vertex 895.7573852539062 500 464.2426452636719
      vertex 0 500 500
      vertex 896.347412109375 500 464.7601318359375
    endloop
  endfacet
  facet normal 0 1 0
    outer loop
      vertex 895.2398681640625 500 463.6525573730469
      vertex 0 500 500
      vertex 895.7573852539062 500 464.2426452636719
    endloop
  endfacet
  facet normal 0 1 0
    outer loop
      vertex 894.8038330078125 500 463
      vertex 0 500 500
      vertex 895.2398681640625 500 463.6525573730469
    endloop
  endfacet
  facet normal 0 1 0
    outer loop
      vertex 894.4567260742188 500 462.2961120605469
      vertex 0 500 500
      vertex 894.8038330078125 500 463
    endloop
  endfacet
  facet normal 0 1 0
    outer loop
      vertex 894.2044677734375 500 461.55291748046875
      vertex 0 500 500
      vertex 894.4567260742188 500 462.2961120605469
    endloop
  endfacet
  facet normal 0 1 0
    outer loop
      vertex 894.0513305664062 500 460.78314208984375
      vertex 0 500 500
      vertex 894.2044677734375 500 461.55291748046875
    endloop
  endfacet
  facet normal 0 1 0
    outer loop
      vertex 894 500 460
      vertex 0 500 500
      vertex 894.0513305664062 500 460.78314208984375
    endloop
  endfacet
  facet normal 0 1 0
    outer loop
      vertex 894.0513305664062 500 459.21685791015625
      vertex 0 500 500
      vertex 894 500 460
    endloop
  endfacet
  facet normal 0 1 0
    outer loop
      vertex 894.2044677734375 500 458.44708251953125
      vertex 0 500 500
      vertex 894.0513305664062 500 459.21685791015625
    endloop
  endfacet
  facet normal 0 1 0
    outer loop
      vertex 894.4567260742188 500 457.7038879394531
      vertex 0 500 500
      vertex 894.2044677734375 500 458.44708251953125
    endloop
  endfacet
  facet normal 0 1 0
    outer loop
      vertex 0 500 0
      vertex 894.4567260742188 500 457.7038879394531
      vertex 894.8038330078125 500 457
    endloop
  endfacet
  facet normal 0 1 0
    outer loop
      vertex 0 500 0
      vertex 894.8038330078125 500 457
      vertex 895.2398681640625 500 456.3474426269531
    endloop
  endfacet
  facet normal 0 1 0
    outer loop
      vertex 1000 500 0
      vertex 895.2398681640625 500 456.3474426269531
      vertex 895.7573852539062 500 455.7573547363281
    endloop
  endfacet
  facet normal 0 1 0
    outer loop
      vertex 1000 500 0
      vertex 895.7573852539062 500 455.7573547363281
      vertex 896.347412109375 500 455.2398681640625
    endloop
  endfacet
  facet normal 0 1 0
    outer loop
      vertex 1000 500 0
      vertex 896.347412109375 500 455.2398681640625
      vertex 897 500 454.8038330078125
    endloop
  endfacet
  facet normal 0 1 0
    outer loop
      vertex 1000 500 0
      vertex 897 500 454.8038330078125
      vertex 897.7039184570312 500 454.45672607421875
    endloop
  endfacet
  facet normal 0 1 0
    outer loop
      vertex 1000 500 0
      vertex 897.7039184570312 500 454.45672607421875
      vertex 898.4470825195312 500 454.2044372558594
    endloop
  endfacet
  facet normal 0 1 0
    outer loop
      vertex 1000 500 0
      vertex 898.4470825195312 500 454.2044372558594
      vertex 899.2168579101562 500 454.05133056640625
    endloop
  endfacet
  facet normal 0 1 0
    outer loop
      vertex 1000 500 0
      vertex 899.2168579101562 500 454.05133056640625
      vertex 900 500 454
    endloop
  endfacet
  facet normal 0 1 0
    outer loop
      vertex 895.2398681640625 500 456.3474426269531
      vertex 1000 500 0
      vertex 0 500 0
    endloop
  endfacet
  facet normal 0 1 0
    outer loop
      vertex 894.4567260742188 500 457.7038879394531
      vertex 0 500 0
      vertex 0 500 500
    endloop
  endfacet
  facet normal 0 -1 0
    outer loop
      vertex 0 0 0
      vertex 1000 0 500
      vertex 0 0 500
    endloop
  endfacet
  facet normal 0 -1 0
    outer loop
      vertex 1000 0 500
      vertex 0 0 0
      vertex 1000 0 0
    endloop
  endfacet
  facet normal -1 0 0
    outer loop
      vertex 985 35 15
      vertex 985 465 500
      vertex 985 465 15
    endloop
  endfacet
  facet normal -1 0 0
    outer loop
      vertex 985 465 500
      vertex 985 35 15
      vertex 985 35 500
    endloop
  endfacet
  facet normal 0 0 1
    outer loop
      vertex 15 465 15
      vertex 35 35 15
      vertex 35 465 15
    endloop
  endfacet
  facet normal 0 0 1
    outer loop
      vertex 35 35 15
      vertex 15 465 15
      vertex 15 35 15
    endloop
  endfacet
  facet normal 0 0 1
    outer loop
      vertex 35 465 15
      vertex 965 465 15
      vertex 965 485 15
    endloop
  endfacet
  facet normal 0 0 1
    outer loop
      vertex 965 465 15
      vertex 35 465 15
      vertex 965 35 15
    endloop
  endfacet
  facet normal 0 0 1
    outer loop
      vertex 35 465 15
      vertex 965 485 15
      vertex 35 485 15
    endloop
  endfacet
  facet normal 0 0 1
    outer loop
      vertex 35 35 15
      vertex 965 35 15
      vertex 35 465 15
    endloop
  endfacet
  facet normal 0 0 1
    outer loop
      vertex 965 35 15
      vertex 35 35 15
      vertex 965 15 15
    endloop
  endfacet
  facet normal 0 0 1
    outer loop
      vertex 965 15 15
      vertex 35 35 15
      vertex 35 15 15
    endloop
  endfacet
  facet normal 0 0 1
    outer loop
      vertex 965 465 15
      vertex 985 35 15
      vertex 985 465 15
    endloop
  endfacet
  facet normal 0 0 1
    outer loop
      vertex 985 35 15
      vertex 965 465 15
      vertex 965 35 15
    endloop
  endfacet
  facet normal 1 0 0
    outer loop
      vertex 15 35 500
      vertex 15 465 15
      vertex 15 465 500
    endloop
  endfacet
  facet normal 1 0 0
    outer loop
      vertex 15 465 15
      vertex 15 35 500
      vertex 15 35 15
    endloop
  endfacet
  facet normal 0 -1 0
    outer loop
      vertex 35 485 470
      vertex 900 485 466
      vertex 965 485 470
    endloop
  endfacet
  facet normal 0 -1 0
    outer loop
      vertex 35 485 470
      vertex 899.2168579101562 485 465.94866943359375
      vertex 900 485 466
    endloop
  endfacet
  facet normal 0 -1 0
    outer loop
      vertex 35 485 470
      vertex 898.4470825195312 485 465.7955627441406
      vertex 899.2168579101562 485 465.94866943359375
    endloop
  endfacet
  facet normal 0 -1 0
    outer loop
      vertex 35 485 470
      vertex 897.7039184570312 485 465.54327392578125
      vertex 898.4470825195312 485 465.7955627441406
    endloop
  endfacet
  facet normal 0 -1 0
    outer loop
      vertex 35 485 470
      vertex 897 485 465.1961669921875
      vertex 897.7039184570312 485 465.54327392578125
    endloop
  endfacet
  facet normal 0 -1 0
    outer loop
      vertex 35 485 470
      vertex 896.347412109375 485 464.7601318359375
      vertex 897 485 465.1961669921875
    endloop
  endfacet
  facet normal 0 -1 0
    outer loop
      vertex 35 485 470
      vertex 895.7573852539062 485 464.2426452636719
      vertex 896.347412109375 485 464.7601318359375
    endloop
  endfacet
  facet normal 0 -1 0
    outer loop
      vertex 35 485 470
      vertex 895.2398681640625 485 463.6525573730469
      vertex 895.7573852539062 485 464.2426452636719
    endloop
  endfacet
  facet normal 0 -1 0
    outer loop
      vertex 35 485 470
      vertex 894.8038330078125 485 463
      vertex 895.2398681640625 485 463.6525573730469
    endloop
  endfacet
  facet normal 0 -1 0
    outer loop
      vertex 35 485 470
      vertex 894.4567260742188 485 462.2961120605469
      vertex 894.8038330078125 485 463
    endloop
  endfacet
  facet normal 0 -1 0
    outer loop
      vertex 35 485 470
      vertex 894.2044677734375 485 461.55291748046875
      vertex 894.4567260742188 485 462.2961120605469
    endloop
  endfacet
  facet normal 0 -1 0
    outer loop
      vertex 35 485 470
      vertex 894.0513305664062 485 460.78314208984375
      vertex 894.2044677734375 485 461.55291748046875
    endloop
  endfacet
  facet normal 0 -1 0
    outer loop
      vertex 35 485 470
      vertex 894 485 460
      vertex 894.0513305664062 485 460.78314208984375
    endloop
  endfacet
  facet normal 0 -1 0
    outer loop
      vertex 35 485 470
      vertex 894.0513305664062 485 459.21685791015625
      vertex 894 485 460
    endloop
  endfacet
  facet normal 0 -1 0
    outer loop
      vertex 35 485 470
      vertex 894.2044677734375 485 458.44708251953125
      vertex 894.0513305664062 485 459.21685791015625
    endloop
  endfacet
  facet normal 0 -1 0
    outer loop
      vertex 35 485 470
      vertex 894.4567260742188 485 457.7038879394531
      vertex 894.2044677734375 485 458.44708251953125
    endloop
  endfacet
  facet normal 0 -1 0
    outer loop
      vertex 35 485 470
      vertex 894.8038330078125 485 457
      vertex 894.4567260742188 485 457.7038879394531
    endloop
  endfacet
  facet normal 0 -1 0
    outer loop
      vertex 35 485 15
      vertex 894.8038330078125 485 457
      vertex 35 485 470
    endloop
  endfacet
  facet normal 0 -1 0
    outer loop
      vertex 894.8038330078125 485 457
      vertex 35 485 15
      vertex 895.2398681640625 485 456.3474426269531
    endloop
  endfacet
  facet normal 0 -1 0
    outer loop
      vertex 965 485 15
      vertex 895.2398681640625 485 456.3474426269531
      vertex 35 485 15
    endloop
  endfacet
  facet normal 0 -1 0
    outer loop
      vertex 895.2398681640625 485 456.3474426269531
      vertex 965 485 15
      vertex 895.7573852539062 485 455.7573547363281
    endloop
  endfacet
  facet normal 0 -1 0
    outer loop
      vertex 895.7573852539062 485 455.7573547363281
      vertex 965 485 15
      vertex 896.347412109375 485 455.2398681640625
    endloop
  endfacet
  facet normal 0 -1 0
    outer loop
      vertex 896.347412109375 485 455.2398681640625
      vertex 965 485 15
      vertex 897 485 454.8038330078125
    endloop
  endfacet
  facet normal 0 -1 0
    outer loop
      vertex 897 485 454.8038330078125
      vertex 965 485 15
      vertex 897.7039184570312 485 454.45672607421875
    endloop
  endfacet
  facet normal 0 -1 0
    outer loop
      vertex 897.7039184570312 485 454.45672607421875
      vertex 965 485 15
      vertex 898.4470825195312 485 454.2044372558594
    endloop
  endfacet
  facet normal 0 -1 0
    outer loop
      vertex 898.4470825195312 485 454.2044372558594
      vertex 965 485 15
      vertex 899.2168579101562 485 454.05133056640625
    endloop
  endfacet
  facet normal 0 -1 0
    outer loop
      vertex 900.7831420898438 485 465.94866943359375
      vertex 965 485 470
      vertex 900 485 466
    endloop
  endfacet
  facet normal 0 -1 0
    outer loop
      vertex 901.5529174804688 485 465.7955627441406
      vertex 965 485 470
      vertex 900.7831420898438 485 465.94866943359375
    endloop
  endfacet
  facet normal 0 -1 0
    outer loop
      vertex 902.2960815429688 485 465.54327392578125
      vertex 965 485 470
      vertex 901.5529174804688 485 465.7955627441406
    endloop
  endfacet
  facet normal 0 -1 0
    outer loop
      vertex 903 485 465.1961669921875
      vertex 965 485 470
      vertex 902.2960815429688 485 465.54327392578125
    endloop
  endfacet
  facet normal 0 -1 0
    outer loop
      vertex 903.652587890625 485 464.7601318359375
      vertex 965 485 470
      vertex 903 485 465.1961669921875
    endloop
  endfacet
  facet normal 0 -1 0
    outer loop
      vertex 904.2426147460938 485 464.2426452636719
      vertex 965 485 470
      vertex 903.652587890625 485 464.7601318359375
    endloop
  endfacet
  facet normal 0 -1 0
    outer loop
      vertex 904.7601318359375 485 463.6525573730469
      vertex 965 485 470
      vertex 904.2426147460938 485 464.2426452636719
    endloop
  endfacet
  facet normal 0 -1 0
    outer loop
      vertex 905.1961669921875 485 463
      vertex 965 485 470
      vertex 904.7601318359375 485 463.6525573730469
    endloop
  endfacet
  facet normal 0 -1 0
    outer loop
      vertex 905.5432739257812 485 462.2961120605469
      vertex 965 485 470
      vertex 905.1961669921875 485 463
    endloop
  endfacet
  facet normal 0 -1 0
    outer loop
      vertex 905.7955322265625 485 461.55291748046875
      vertex 965 485 470
      vertex 905.5432739257812 485 462.2961120605469
    endloop
  endfacet
  facet normal 0 -1 0
    outer loop
      vertex 905.9486694335938 485 460.78314208984375
      vertex 965 485 470
      vertex 905.7955322265625 485 461.55291748046875
    endloop
  endfacet
  facet normal 0 -1 0
    outer loop
      vertex 906 485 460
      vertex 965 485 470
      vertex 905.9486694335938 485 460.78314208984375
    endloop
  endfacet
  facet normal 0 -1 0
    outer loop
      vertex 905.9486694335938 485 459.21685791015625
      vertex 965 485 470
      vertex 906 485 460
    endloop
  endfacet
  facet normal 0 -1 0
    outer loop
      vertex 905.7955322265625 485 458.44708251953125
      vertex 965 485 470
      vertex 905.9486694335938 485 459.21685791015625
    endloop
  endfacet
  facet normal 0 -1 0
    outer loop
      vertex 905.5432739257812 485 457.7038879394531
      vertex 965 485 470
      vertex 905.7955322265625 485 458.44708251953125
    endloop
  endfacet
  facet normal 0 -1 0
    outer loop
      vertex 905.1961669921875 485 457
      vertex 965 485 470
      vertex 905.5432739257812 485 457.7038879394531
    endloop
  endfacet
  facet normal 0 -1 0
    outer loop
      vertex 904.7601318359375 485 456.3474426269531
      vertex 965 485 470
      vertex 905.1961669921875 485 457
    endloop
  endfacet
  facet normal 0 -1 0
    outer loop
      vertex 904.2426147460938 485 455.7573547363281
      vertex 965 485 470
      vertex 904.7601318359375 485 456.3474426269531
    endloop
  endfacet
  facet normal 0 -1 0
    outer loop
      vertex 903.652587890625 485 455.2398681640625
      vertex 965 485 470
      vertex 904.2426147460938 485 455.7573547363281
    endloop
  endfacet
  facet normal 0 -1 0
    outer loop
      vertex 903 485 454.8038330078125
      vertex 965 485 470
      vertex 903.652587890625 485 455.2398681640625
    endloop
  endfacet
  facet normal 0 -1 0
    outer loop
      vertex 902.2960815429688 485 454.45672607421875
      vertex 965 485 470
      vertex 903 485 454.8038330078125
    endloop
  endfacet
  facet normal 0 -1 0
    outer loop
      vertex 965 485 15
      vertex 902.2960815429688 485 454.45672607421875
      vertex 901.5529174804688 485 454.2044372558594
    endloop
  endfacet
  facet normal 0 -1 0
    outer loop
      vertex 899.2168579101562 485 454.05133056640625
      vertex 965 485 15
      vertex 900 485 454
    endloop
  endfacet
  facet normal 0 -1 0
    outer loop
      vertex 900 485 454
      vertex 965 485 15
      vertex 900.7831420898438 485 454.05133056640625
    endloop
  endfacet
  facet normal 0 -1 0
    outer loop
      vertex 900.7831420898438 485 454.05133056640625
      vertex 965 485 15
      vertex 901.5529174804688 485 454.2044372558594
    endloop
  endfacet
  facet normal 0 -1 0
    outer loop
      vertex 902.2960815429688 485 454.45672607421875
      vertex 965 485 15
      vertex 965 485 470
    endloop
  endfacet
  facet normal 0 1 0
    outer loop
      vertex 965 15 15
      vertex 35 15 500
      vertex 965 15 500
    endloop
  endfacet
  facet normal 0 1 0
    outer loop
      vertex 35 15 500
      vertex 965 15 15
      vertex 35 15 15
    endloop
  endfacet
  facet normal -1 0 0
    outer loop
      vertex 19 35 90.0218505859375
      vertex 19 465 94.9781494140625
      vertex 19 35 81.01710510253906
    endloop
  endfacet
  facet normal -1 0 0
    outer loop
      vertex 19 465 94.9781494140625
      vertex 19 35 90.0218505859375
      vertex 19 465 103.9828872680664
    endloop
  endfacet
  facet normal 1 0 0
    outer loop
      vertex 981 35 90.0218505859375
      vertex 981 465 94.9781494140625
      vertex 981 465 103.9828872680664
    endloop
  endfacet
  facet normal 1 0 0
    outer loop
      vertex 981 465 94.9781494140625
      vertex 981 35 90.0218505859375
      vertex 981 35 81.01710510253906
    endloop
  endfacet
  facet normal 0 -0.03245042802048474 0.9994733461785198
    outer loop
      vertex 19 465 103.9828872680664
      vertex 35 35 90.0218505859375
      vertex 35 465 103.9828872680664
    endloop
  endfacet
  facet normal 0 -0.03245042802048474 0.9994733461785198
    outer loop
      vertex 35 35 90.0218505859375
      vertex 19 465 103.9828872680664
      vertex 19 35 90.0218505859375
    endloop
  endfacet
  facet normal 4.038004499311012e-7 -0.03245085461590028 0.9994733323278489
    outer loop
      vertex 504.9700622558594 33 89.95691680908203
      vertex 965 465 103.9828872680664
      vertex 965 480.7322998046875 104.49368286132812
    endloop
  endfacet
  facet normal 2.775487245600739e-9 -0.03245042802048474 0.9994733461785198
    outer loop
      vertex 965 465 103.9828872680664
      vertex 504.9700622558594 33 89.95691680908203
      vertex 965 35 90.0218505859375
    endloop
  endfacet
  facet normal 2.674252209675137e-9 -0.03245040475943103 0.9994733469337483
    outer loop
      vertex 965 35 90.0218505859375
      vertex 504.9700622558594 33 89.95691680908203
      vertex 965 18.975629806518555 89.50157928466797
    endloop
  endfacet
  facet normal 0 -0.032450492388364185 0.9994733440886518
    outer loop
      vertex 965 18.975629806518555 89.50157928466797
      vertex 504.9700622558594 33 89.95691680908203
      vertex 504.9999084472656 18.975629806518555 89.50157928466797
    endloop
  endfacet
  facet normal 0 -0.032450440161365446 0.9994733457843353
    outer loop
      vertex 965 480.7322998046875 104.49368286132812
      vertex 495.0299377441406 33 89.95691680908203
      vertex 504.9700622558594 33 89.95691680908203
    endloop
  endfacet
  facet normal 0 -0.03245044016136545 0.9994733457843354
    outer loop
      vertex 35 480.7322998046875 104.49368286132812
      vertex 495.0299377441406 33 89.95691680908203
      vertex 965 480.7322998046875 104.49368286132812
    endloop
  endfacet
  facet normal -4.038004499311012e-7 -0.03245085461590028 0.9994733323278489
    outer loop
      vertex 35 465 103.9828872680664
      vertex 495.0299377441406 33 89.95691680908203
      vertex 35 480.7322998046875 104.49368286132812
    endloop
  endfacet
  facet normal -2.775487245600739e-9 -0.03245042802048474 0.9994733461785198
    outer loop
      vertex 35 35 90.0218505859375
      vertex 495.0299377441406 33 89.95691680908203
      vertex 35 465 103.9828872680664
    endloop
  endfacet
  facet normal -3.055596094410098e-9 -0.032450492381868215 0.9994733440888627
    outer loop
      vertex 495.0299377441406 33 89.95691680908203
      vertex 35 35 90.0218505859375
      vertex 495.0000915527344 18.975629806518555 89.50157928466797
    endloop
  endfacet
  facet normal 0 -0.03245040475943103 0.9994733469337486
    outer loop
      vertex 495.0000915527344 18.975629806518555 89.50157928466797
      vertex 35 35 90.0218505859375
      vertex 35 18.975629806518555 89.50157928466797
    endloop
  endfacet
  facet normal 0 -0.03245042802048474 0.9994733461785198
    outer loop
      vertex 965 465 103.9828872680664
      vertex 981 35 90.0218505859375
      vertex 981 465 103.9828872680664
    endloop
  endfacet
  facet normal 0 -0.03245042802048474 0.9994733461785198
    outer loop
      vertex 981 35 90.0218505859375
      vertex 965 465 103.9828872680664
      vertex 965 35 90.0218505859375
    endloop
  endfacet
  facet normal 0 0.03245044573524456 -0.9994733456033652
    outer loop
      vertex 19 35 81.01710510253906
      vertex 35 465 94.9781494140625
      vertex 35 35 81.01710510253906
    endloop
  endfacet
  facet normal 0 0.03245044573524456 -0.9994733456033652
    outer loop
      vertex 35 465 94.9781494140625
      vertex 19 35 81.01710510253906
      vertex 19 465 94.9781494140625
    endloop
  endfacet
  facet normal 0 0.03245033899020538 -0.9994733490691089
    outer loop
      vertex 35 35 81.01710510253906
      vertex 965 35 81.01710510253906
      vertex 965 19.267684936523438 80.50631713867188
    endloop
  endfacet
  facet normal 0 0.03245044573524456 -0.9994733456033653
    outer loop
      vertex 965 35 81.01710510253906
      vertex 35 35 81.01710510253906
      vertex 965 465 94.9781494140625
    endloop
  endfacet
  facet normal 0 0.03245033899020538 -0.9994733490691089
    outer loop
      vertex 35 35 81.01710510253906
      vertex 965 19.267684936523438 80.50631713867188
      vertex 35 19.267684936523438 80.50631713867188
    endloop
  endfacet
  facet normal 0 0.03245044573524456 -0.9994733456033653
    outer loop
      vertex 35 465 94.9781494140625
      vertex 965 465 94.9781494140625
      vertex 35 35 81.01710510253906
    endloop
  endfacet
  facet normal 0 0.03245037775037882 -0.9994733478106647
    outer loop
      vertex 965 465 94.9781494140625
      vertex 35 465 94.9781494140625
      vertex 965 481.0243835449219 95.49842071533203
    endloop
  endfacet
  facet normal 0 0.03245037775037882 -0.9994733478106647
    outer loop
      vertex 965 481.0243835449219 95.49842071533203
      vertex 35 465 94.9781494140625
      vertex 35 481.0243835449219 95.49842071533203
    endloop
  endfacet
  facet normal 0 0.03245044573524456 -0.9994733456033652
    outer loop
      vertex 965 35 81.01710510253906
      vertex 981 465 94.9781494140625
      vertex 981 35 81.01710510253906
    endloop
  endfacet
  facet normal 0 0.03245044573524456 -0.9994733456033652
    outer loop
      vertex 981 465 94.9781494140625
      vertex 965 35 81.01710510253906
      vertex 965 465 94.9781494140625
    endloop
  endfacet
  facet normal 0 -0.9994687601077147 -0.03259137261220808
    outer loop
      vertex 35 18.975629806518555 89.50157928466797
      vertex 495 18.97568130493164 89.5
      vertex 495.0000915527344 18.975629806518555 89.50157928466797
    endloop
  endfacet
  facet normal 4.839459737883264e-10 -0.999473341811187 -0.03245056253407911
    outer loop
      vertex 35 19.267684936523438 80.50631713867188
      vertex 495 18.97568130493164 89.5
      vertex 35 18.975629806518555 89.50157928466797
    endloop
  endfacet
  facet normal -2.2042506919610766e-8 -0.9994733791790975 -0.03244941158658352
    outer loop
      vertex 495 18.97568130493164 89.5
      vertex 35 19.267684936523438 80.50631713867188
      vertex 495.04278564453125 18.996870040893555 88.84736633300781
    endloop
  endfacet
  facet normal -1.5338962863326202e-8 -0.9994733671879011 -0.03244978092497429
    outer loop
      vertex 495.04278564453125 18.996870040893555 88.84736633300781
      vertex 35 19.267684936523438 80.50631713867188
      vertex 495.1703796386719 19.017696380615234 88.20590209960938
    endloop
  endfacet
  facet normal 2.953291106139709e-8 -0.9994732802064874 -0.03245245989572475
    outer loop
      vertex 495.1703796386719 19.017696380615234 88.20590209960938
      vertex 35 19.267684936523438 80.50631713867188
      vertex 495.380615234375 19.037805557250977 87.58657836914062
    endloop
  endfacet
  facet normal 1.5665829963722171e-9 -0.9994733391871816 -0.03245064335302153
    outer loop
      vertex 495.380615234375 19.037805557250977 87.58657836914062
      vertex 35 19.267684936523438 80.50631713867188
      vertex 495.66986083984375 19.05685043334961 87
    endloop
  endfacet
  facet normal 4.337584782712583e-9 -0.9994733328114302 -0.03245083972429592
    outer loop
      vertex 495.66986083984375 19.05685043334961 87
      vertex 35 19.267684936523438 80.50631713867188
      vertex 496.0332336425781 19.074506759643555 86.45619201660156
    endloop
  endfacet
  facet normal -2.017763979280154e-8 -0.9994733944205114 -0.032448942132840435
    outer loop
      vertex 496.0332336425781 19.074506759643555 86.45619201660156
      vertex 35 19.267684936523438 80.50631713867188
      vertex 496.4644775390625 19.090471267700195 85.96446228027344
    endloop
  endfacet
  facet normal 2.2302959614690683e-8 -0.9994732779329384 -0.032452529916586176
    outer loop
      vertex 496.4644775390625 19.090471267700195 85.96446228027344
      vertex 35 19.267684936523438 80.50631713867188
      vertex 496.9561767578125 19.104473114013672 85.53323364257812
    endloop
  endfacet
  facet normal -1.1470748208563241e-8 -0.9994733785975629 -0.032449429498412924
    outer loop
      vertex 496.9561767578125 19.104473114013672 85.53323364257812
      vertex 35 19.267684936523438 80.50631713867188
      vertex 497.5 19.116270065307617 85.16987609863281
    endloop
  endfacet
  facet normal -1.1459774190817306e-8 -0.9994733785622658 -0.03244943058559521
    outer loop
      vertex 497.5 19.116270065307617 85.16987609863281
      vertex 35 19.267684936523438 80.50631713867188
      vertex 498.0865783691406 19.125661849975586 84.88059997558594
    endloop
  endfacet
  facet normal 3.379108946169782e-8 -0.9994732231831936 -0.03245421605580419
    outer loop
      vertex 498.0865783691406 19.125661849975586 84.88059997558594
      vertex 35 19.267684936523438 80.50631713867188
      vertex 498.7059020996094 19.132488250732422 84.67037200927734
    endloop
  endfacet
  facet normal 6.464295145609949e-9 -0.9994733218876749 -0.0324511761699995
    outer loop
      vertex 498.7059020996094 19.132488250732422 84.67037200927734
      vertex 35 19.267684936523438 80.50631713867188
      vertex 499.3473815917969 19.13663101196289 84.54277801513672
    endloop
  endfacet
  facet normal -6.218606476555217e-8 -0.9994735780020378 -0.03244328706837006
    outer loop
      vertex 499.3473815917969 19.13663101196289 84.54277801513672
      vertex 35 19.267684936523438 80.50631713867188
      vertex 500 19.138019561767578 84.5
    endloop
  endfacet
  facet normal 0 -0.9994687601077147 -0.03259137261220808
    outer loop
      vertex 505 18.97568130493164 89.5
      vertex 965 18.975629806518555 89.50157928466797
      vertex 504.9999084472656 18.975629806518555 89.50157928466797
    endloop
  endfacet
  facet normal 2.2042506919610766e-8 -0.9994733791790975 -0.03244941158658352
    outer loop
      vertex 965 19.267684936523438 80.50631713867188
      vertex 505 18.97568130493164 89.5
      vertex 504.95721435546875 18.996870040893555 88.84736633300781
    endloop
  endfacet
  facet normal 1.5338962863326202e-8 -0.9994733671879011 -0.03244978092497429
    outer loop
      vertex 965 19.267684936523438 80.50631713867188
      vertex 504.95721435546875 18.996870040893555 88.84736633300781
      vertex 504.8296203613281 19.017696380615234 88.20590209960938
    endloop
  endfacet
  facet normal -2.953291106139709e-8 -0.9994732802064874 -0.03245245989572475
    outer loop
      vertex 965 19.267684936523438 80.50631713867188
      vertex 504.8296203613281 19.017696380615234 88.20590209960938
      vertex 504.619384765625 19.037805557250977 87.58657836914062
    endloop
  endfacet
  facet normal -1.5665829963722171e-9 -0.9994733391871816 -0.03245064335302153
    outer loop
      vertex 965 19.267684936523438 80.50631713867188
      vertex 504.619384765625 19.037805557250977 87.58657836914062
      vertex 504.33013916015625 19.05685043334961 87
    endloop
  endfacet
  facet normal -4.337584782712583e-9 -0.9994733328114302 -0.03245083972429592
    outer loop
      vertex 965 19.267684936523438 80.50631713867188
      vertex 504.33013916015625 19.05685043334961 87
      vertex 503.9667663574219 19.074506759643555 86.45619201660156
    endloop
  endfacet
  facet normal 2.017763979280154e-8 -0.9994733944205114 -0.032448942132840435
    outer loop
      vertex 965 19.267684936523438 80.50631713867188
      vertex 503.9667663574219 19.074506759643555 86.45619201660156
      vertex 503.5355224609375 19.090471267700195 85.96446228027344
    endloop
  endfacet
  facet normal -2.2302941194529473e-8 -0.9994732779329888 -0.03245252991503046
    outer loop
      vertex 965 19.267684936523438 80.50631713867188
      vertex 503.5355224609375 19.090471267700195 85.96446228027344
      vertex 503.0437927246094 19.104473114013672 85.53323364257812
    endloop
  endfacet
  facet normal 1.1470757778489654e-8 -0.9994733785975937 -0.03244942949746484
    outer loop
      vertex 965 19.267684936523438 80.50631713867188
      vertex 503.0437927246094 19.104473114013672 85.53323364257812
      vertex 502.5 19.116270065307617 85.16987609863281
    endloop
  endfacet
  facet normal 1.1459774190817306e-8 -0.9994733785622658 -0.03244943058559521
    outer loop
      vertex 965 19.267684936523438 80.50631713867188
      vertex 502.5 19.116270065307617 85.16987609863281
      vertex 501.9134216308594 19.125661849975586 84.88059997558594
    endloop
  endfacet
  facet normal -3.379108946169782e-8 -0.9994732231831936 -0.03245421605580419
    outer loop
      vertex 965 19.267684936523438 80.50631713867188
      vertex 501.9134216308594 19.125661849975586 84.88059997558594
      vertex 501.2940979003906 19.132488250732422 84.67037200927734
    endloop
  endfacet
  facet normal -6.464295145609949e-9 -0.9994733218876749 -0.0324511761699995
    outer loop
      vertex 965 19.267684936523438 80.50631713867188
      vertex 501.2940979003906 19.132488250732422 84.67037200927734
      vertex 500.6526184082031 19.13663101196289 84.54277801513672
    endloop
  endfacet
  facet normal 6.218606476555217e-8 -0.9994735780020378 -0.03244328706837006
    outer loop
      vertex 965 19.267684936523438 80.50631713867188
      vertex 500.6526184082031 19.13663101196289 84.54277801513672
      vertex 500 19.138019561767578 84.5
    endloop
  endfacet
  facet normal -4.839459737883264e-10 -0.999473341811187 -0.03245056253407911
    outer loop
      vertex 505 18.97568130493164 89.5
      vertex 965 19.267684936523438 80.50631713867188
      vertex 965 18.975629806518555 89.50157928466797
    endloop
  endfacet
  facet normal 0 -0.999473343191857 -0.0324505200095847
    outer loop
      vertex 965 19.267684936523438 80.50631713867188
      vertex 500 19.138019561767578 84.5
      vertex 35 19.267684936523438 80.50631713867188
    endloop
  endfacet
  facet normal 0 0.9994732387029451 0.032453738099724225
    outer loop
      vertex 965 481.0243835449219 95.49842071533203
      vertex 35 480.7322998046875 104.49368286132812
      vertex 965 480.7322998046875 104.49368286132812
    endloop
  endfacet
  facet normal 0 0.9994732387029451 0.032453738099724225
    outer loop
      vertex 35 480.7322998046875 104.49368286132812
      vertex 965 481.0243835449219 95.49842071533203
      vertex 35 481.0243835449219 95.49842071533203
    endloop
  endfacet
  facet normal 1 0 0
    outer loop
      vertex 35 15 500
      vertex 35 35 90.0218505859375
      vertex 35 35 500
    endloop
  endfacet
  facet normal 1 0 0
    outer loop
      vertex 35 35 90.0218505859375
      vertex 35 15 500
      vertex 35 18.975629806518555 89.50157928466797
    endloop
  endfacet
  facet normal 1 0 0
    outer loop
      vertex 35 18.975629806518555 89.50157928466797
      vertex 35 15 500
      vertex 35 18.47264862060547 77.49341583251953
    endloop
  endfacet
  facet normal 1 0 0
    outer loop
      vertex 35 19.267684936523438 80.50631713867188
      vertex 35 35 78.03002166748047
      vertex 35 35 81.01710510253906
    endloop
  endfacet
  facet normal 1 0 0
    outer loop
      vertex 35 19.267684936523438 80.50631713867188
      vertex 35 18.47264862060547 77.49341583251953
      vertex 35 35 78.03002166748047
    endloop
  endfacet
  facet normal 1 0 0
    outer loop
      vertex 35 18.47264862060547 77.49341583251953
      vertex 35 19.267684936523438 80.50631713867188
      vertex 35 18.975629806518555 89.50157928466797
    endloop
  endfacet
  facet normal 1 0 0
    outer loop
      vertex 35 19.12165641784668 57.50394821166992
      vertex 35 35 15
      vertex 35 35 58.01948165893555
    endloop
  endfacet
  facet normal 1 0 0
    outer loop
      vertex 35 19.12165641784668 57.50394821166992
      vertex 35 15 15
      vertex 35 35 15
    endloop
  endfacet
  facet normal 1 0 0
    outer loop
      vertex 35 18.47264862060547 77.49341583251953
      vertex 35 15 15
      vertex 35 19.12165641784668 57.50394821166992
    endloop
  endfacet
  facet normal 1 0 0
    outer loop
      vertex 35 15 15
      vertex 35 18.47264862060547 77.49341583251953
      vertex 35 15 500
    endloop
  endfacet
  facet normal 0 1 0
    outer loop
      vertex 35 35 58.01948165893555
      vertex 35 35 15
      vertex 17 35 58.01948165893555
    endloop
  endfacet
  facet normal 0 1 0
    outer loop
      vertex 35 35 81.01710510253906
      vertex 35 35 78.03002166748047
      vertex 19 35 81.01710510253906
    endloop
  endfacet
  facet normal 0 1 0
    outer loop
      vertex 35 35 90.0218505859375
      vertex 15 35 500
      vertex 35 35 500
    endloop
  endfacet
  facet normal 0 1 0
    outer loop
      vertex 19 35 90.0218505859375
      vertex 15 35 500
      vertex 35 35 90.0218505859375
    endloop
  endfacet
  facet normal 0 1 0
    outer loop
      vertex 17 35 78.03002166748047
      vertex 19 35 90.0218505859375
      vertex 19 35 81.01710510253906
    endloop
  endfacet
  facet normal 0 1 0
    outer loop
      vertex 17 35 78.03002166748047
      vertex 19 35 81.01710510253906
      vertex 35 35 78.03002166748047
    endloop
  endfacet
  facet normal 0 1 0
    outer loop
      vertex 19 35 90.0218505859375
      vertex 17 35 78.03002166748047
      vertex 15 35 500
    endloop
  endfacet
  facet normal 0 1 0
    outer loop
      vertex 15 35 15
      vertex 17 35 78.03002166748047
      vertex 17 35 58.01948165893555
    endloop
  endfacet
  facet normal 0 1 0
    outer loop
      vertex 17 35 78.03002166748047
      vertex 15 35 15
      vertex 15 35 500
    endloop
  endfacet
  facet normal 0 1 0
    outer loop
      vertex 15 35 15
      vertex 17 35 58.01948165893555
      vertex 35 35 15
    endloop
  endfacet
  facet normal -1 0 0
    outer loop
      vertex 965 35 15
      vertex 965 19.12165641784668 57.50394821166992
      vertex 965 35 58.01948165893555
    endloop
  endfacet
  facet normal -1 0 0
    outer loop
      vertex 965 19.12165641784668 57.50394821166992
      vertex 965 15 15
      vertex 965 18.47264862060547 77.49341583251953
    endloop
  endfacet
  facet normal -1 0 0
    outer loop
      vertex 965 15 15
      vertex 965 19.12165641784668 57.50394821166992
      vertex 965 35 15
    endloop
  endfacet
  facet normal -1 0 0
    outer loop
      vertex 965 35 78.03002166748047
      vertex 965 19.267684936523438 80.50631713867188
      vertex 965 35 81.01710510253906
    endloop
  endfacet
  facet normal -1 0 0
    outer loop
      vertex 965 19.267684936523438 80.50631713867188
      vertex 965 18.47264862060547 77.49341583251953
      vertex 965 18.975629806518555 89.50157928466797
    endloop
  endfacet
  facet normal -1 0 0
    outer loop
      vertex 965 18.47264862060547 77.49341583251953
      vertex 965 19.267684936523438 80.50631713867188
      vertex 965 35 78.03002166748047
    endloop
  endfacet
  facet normal -1 0 0
    outer loop
      vertex 965 15 500
      vertex 965 35 90.0218505859375
      vertex 965 18.975629806518555 89.50157928466797
    endloop
  endfacet
  facet normal -1 0 0
    outer loop
      vertex 965 15 500
      vertex 965 18.975629806518555 89.50157928466797
      vertex 965 18.47264862060547 77.49341583251953
    endloop
  endfacet
  facet normal -1 0 0
    outer loop
      vertex 965 15 500
      vertex 965 18.47264862060547 77.49341583251953
      vertex 965 15 15
    endloop
  endfacet
  facet normal -1 0 0
    outer loop
      vertex 965 35 90.0218505859375
      vertex 965 15 500
      vertex 965 35 500
    endloop
  endfacet
  facet normal 0 1 0
    outer loop
      vertex 985 35 500
      vertex 981 35 90.0218505859375
      vertex 965 35 500
    endloop
  endfacet
  facet normal 0 1 0
    outer loop
      vertex 983 35 78.03002166748047
      vertex 981 35 90.0218505859375
      vertex 985 35 500
    endloop
  endfacet
  facet normal 0 1 0
    outer loop
      vertex 965 35 78.03002166748047
      vertex 981 35 81.01710510253906
      vertex 983 35 78.03002166748047
    endloop
  endfacet
  facet normal 0 1 0
    outer loop
      vertex 981 35 90.0218505859375
      vertex 983 35 78.03002166748047
      vertex 981 35 81.01710510253906
    endloop
  endfacet
  facet normal 0 1 0
    outer loop
      vertex 985 35 15
      vertex 983 35 78.03002166748047
      vertex 985 35 500
    endloop
  endfacet
  facet normal 0 1 0
    outer loop
      vertex 983 35 78.03002166748047
      vertex 985 35 15
      vertex 983 35 58.01948165893555
    endloop
  endfacet
  facet normal 0 1 0
    outer loop
      vertex 965 35 15
      vertex 983 35 58.01948165893555
      vertex 985 35 15
    endloop
  endfacet
  facet normal 0 1 0
    outer loop
      vertex 983 35 58.01948165893555
      vertex 965 35 15
      vertex 965 35 58.01948165893555
    endloop
  endfacet
  facet normal 0 1 0
    outer loop
      vertex 965 35 500
      vertex 981 35 90.0218505859375
      vertex 965 35 90.0218505859375
    endloop
  endfacet
  facet normal 0 1 0
    outer loop
      vertex 981 35 81.01710510253906
      vertex 965 35 78.03002166748047
      vertex 965 35 81.01710510253906
    endloop
  endfacet
  facet normal 1 0 0
    outer loop
      vertex 35 467 500
      vertex 35 465 500
      vertex 35 467 470
    endloop
  endfacet
  facet normal 1 0 0
    outer loop
      vertex 35 481.0243835449219 95.49842071533203
      vertex 35 480.2293395996094 92.48551940917969
      vertex 35 480.87835693359375 72.49604797363281
    endloop
  endfacet
  facet normal 1 0 0
    outer loop
      vertex 35 465 94.9781494140625
      vertex 35 480.2293395996094 92.48551940917969
      vertex 35 481.0243835449219 95.49842071533203
    endloop
  endfacet
  facet normal 1 0 0
    outer loop
      vertex 35 480.2293395996094 92.48551940917969
      vertex 35 465 94.9781494140625
      vertex 35 465 91.99105834960938
    endloop
  endfacet
  facet normal 1 0 0
    outer loop
      vertex 35 485 470
      vertex 35 481.0243835449219 95.49842071533203
      vertex 35 485 15
    endloop
  endfacet
  facet normal 1 0 0
    outer loop
      vertex 35 485 470
      vertex 35 480.7322998046875 104.49368286132812
      vertex 35 481.0243835449219 95.49842071533203
    endloop
  endfacet
  facet normal 1 0 0
    outer loop
      vertex 35 467 470
      vertex 35 480.7322998046875 104.49368286132812
      vertex 35 485 470
    endloop
  endfacet
  facet normal 1 0 0
    outer loop
      vertex 35 465 103.9828872680664
      vertex 35 467 470
      vertex 35 465 500
    endloop
  endfacet
  facet normal 1 0 0
    outer loop
      vertex 35 467 470
      vertex 35 465 103.9828872680664
      vertex 35 480.7322998046875 104.49368286132812
    endloop
  endfacet
  facet normal 1 0 0
    outer loop
      vertex 35 480.87835693359375 72.49604797363281
      vertex 35 485 15
      vertex 35 481.0243835449219 95.49842071533203
    endloop
  endfacet
  facet normal 1 0 0
    outer loop
      vertex 35 465 15
      vertex 35 480.87835693359375 72.49604797363281
      vertex 35 465 71.98052215576172
    endloop
  endfacet
  facet normal 1 0 0
    outer loop
      vertex 35 480.87835693359375 72.49604797363281
      vertex 35 465 15
      vertex 35 485 15
    endloop
  endfacet
  facet normal 0 -1 0
    outer loop
      vertex 15 465 500
      vertex 19 465 103.9828872680664
      vertex 35 465 500
    endloop
  endfacet
  facet normal 0 -1 0
    outer loop
      vertex 17 465 91.99105834960938
      vertex 19 465 103.9828872680664
      vertex 15 465 500
    endloop
  endfacet
  facet normal 0 -1 0
    outer loop
      vertex 35 465 91.99105834960938
      vertex 19 465 94.9781494140625
      vertex 17 465 91.99105834960938
    endloop
  endfacet
  facet normal 0 -1 0
    outer loop
      vertex 19 465 103.9828872680664
      vertex 17 465 91.99105834960938
      vertex 19 465 94.9781494140625
    endloop
  endfacet
  facet normal 0 -1 0
    outer loop
      vertex 15 465 15
      vertex 17 465 91.99105834960938
      vertex 15 465 500
    endloop
  endfacet
  facet normal 0 -1 0
    outer loop
      vertex 17 465 91.99105834960938
      vertex 15 465 15
      vertex 17 465 71.98052215576172
    endloop
  endfacet
  facet normal 0 -1 0
    outer loop
      vertex 35 465 15
      vertex 17 465 71.98052215576172
      vertex 15 465 15
    endloop
  endfacet
  facet normal 0 -1 0
    outer loop
      vertex 17 465 71.98052215576172
      vertex 35 465 15
      vertex 35 465 71.98052215576172
    endloop
  endfacet
  facet normal 0 -1 0
    outer loop
      vertex 35 465 500
      vertex 19 465 103.9828872680664
      vertex 35 465 103.9828872680664
    endloop
  endfacet
  facet normal 0 -1 0
    outer loop
      vertex 19 465 94.9781494140625
      vertex 35 465 91.99105834960938
      vertex 35 465 94.9781494140625
    endloop
  endfacet
  facet normal -1 0 0
    outer loop
      vertex 965 485 15
      vertex 965 481.0243835449219 95.49842071533203
      vertex 965 485 470
    endloop
  endfacet
  facet normal -1 0 0
    outer loop
      vertex 965 485 15
      vertex 965 480.87835693359375 72.49604797363281
      vertex 965 481.0243835449219 95.49842071533203
    endloop
  endfacet
  facet normal -1 0 0
    outer loop
      vertex 965 465 15
      vertex 965 480.87835693359375 72.49604797363281
      vertex 965 485 15
    endloop
  endfacet
  facet normal -1 0 0
    outer loop
      vertex 965 480.87835693359375 72.49604797363281
      vertex 965 465 15
      vertex 965 465 71.98052215576172
    endloop
  endfacet
  facet normal -1 0 0
    outer loop
      vertex 965 480.7322998046875 104.49368286132812
      vertex 965 485 470
      vertex 965 481.0243835449219 95.49842071533203
    endloop
  endfacet
  facet normal -1 0 0
    outer loop
      vertex 965 480.7322998046875 104.49368286132812
      vertex 965 467 470
      vertex 965 485 470
    endloop
  endfacet
  facet normal -1 0 0
    outer loop
      vertex 965 465 103.9828872680664
      vertex 965 467 470
      vertex 965 480.7322998046875 104.49368286132812
    endloop
  endfacet
  facet normal -1 0 0
    outer loop
      vertex 965 465 500
      vertex 965 467 470
      vertex 965 465 103.9828872680664
    endloop
  endfacet
  facet normal -1 0 0
    outer loop
      vertex 965 467 470
      vertex 965 465 500
      vertex 965 467 500
    endloop
  endfacet
  facet normal -1 0 0
    outer loop
      vertex 965 480.2293395996094 92.48551940917969
      vertex 965 481.0243835449219 95.49842071533203
      vertex 965 480.87835693359375 72.49604797363281
    endloop
  endfacet
  facet normal -1 0 0
    outer loop
      vertex 965 465 94.9781494140625
      vertex 965 480.2293395996094 92.48551940917969
      vertex 965 465 91.99105834960938
    endloop
  endfacet
  facet normal -1 0 0
    outer loop
      vertex 965 480.2293395996094 92.48551940917969
      vertex 965 465 94.9781494140625
      vertex 965 481.0243835449219 95.49842071533203
    endloop
  endfacet
  facet normal 0 -1 0
    outer loop
      vertex 965 465 71.98052215576172
      vertex 965 465 15
      vertex 983 465 71.98052215576172
    endloop
  endfacet
  facet normal 0 -1 0
    outer loop
      vertex 965 465 94.9781494140625
      vertex 965 465 91.99105834960938
      vertex 981 465 94.9781494140625
    endloop
  endfacet
  facet normal 0 -1 0
    outer loop
      vertex 981 465 103.9828872680664
      vertex 965 465 500
      vertex 965 465 103.9828872680664
    endloop
  endfacet
  facet normal 0 -1 0
    outer loop
      vertex 965 465 500
      vertex 981 465 103.9828872680664
      vertex 985 465 500
    endloop
  endfacet
  facet normal 0 -1 0
    outer loop
      vertex 983 465 91.99105834960938
      vertex 981 465 103.9828872680664
      vertex 981 465 94.9781494140625
    endloop
  endfacet
  facet normal 0 -1 0
    outer loop
      vertex 983 465 91.99105834960938
      vertex 981 465 94.9781494140625
      vertex 965 465 91.99105834960938
    endloop
  endfacet
  facet normal 0 -1 0
    outer loop
      vertex 981 465 103.9828872680664
      vertex 983 465 91.99105834960938
      vertex 985 465 500
    endloop
  endfacet
  facet normal 0 -1 0
    outer loop
      vertex 985 465 15
      vertex 983 465 91.99105834960938
      vertex 983 465 71.98052215576172
    endloop
  endfacet
  facet normal 0 -1 0
    outer loop
      vertex 983 465 91.99105834960938
      vertex 985 465 15
      vertex 985 465 500
    endloop
  endfacet
  facet normal 0 -1 0
    outer loop
      vertex 985 465 15
      vertex 983 465 71.98052215576172
      vertex 965 465 15
    endloop
  endfacet
  facet normal 0 0.032450436877864655 -0.9994733458909426
    outer loop
      vertex 17 35 58.01948165893555
      vertex 35 465 71.98052215576172
      vertex 35 35 58.01948165893555
    endloop
  endfacet
  facet normal 0 0.032450436877864655 -0.9994733458909426
    outer loop
      vertex 35 465 71.98052215576172
      vertex 17 35 58.01948165893555
      vertex 17 465 71.98052215576172
    endloop
  endfacet
  facet normal 0 0.03245061009619719 -0.9994733402669551
    outer loop
      vertex 35 35 58.01948165893555
      vertex 37 19.12165641784668 57.50394821166992
      vertex 35 19.12165641784668 57.50394821166992
    endloop
  endfacet
  facet normal -0.0000014205373122414715 0.03245043135693722 -0.999473346069184
    outer loop
      vertex 37 19.12165641784668 57.50394821166992
      vertex 35 35 58.01948165893555
      vertex 37 480.87835693359375 72.49604797363281
    endloop
  endfacet
  facet normal -0.0000026526585008919564 0.03245043687775048 -0.9994733458874262
    outer loop
      vertex 35 465 71.98052215576172
      vertex 37 480.87835693359375 72.49604797363281
      vertex 35 35 58.01948165893555
    endloop
  endfacet
  facet normal 0 0.03245010310715729 -0.9994733567275992
    outer loop
      vertex 37 480.87835693359375 72.49604797363281
      vertex 35 465 71.98052215576172
      vertex 35 480.87835693359375 72.49604797363281
    endloop
  endfacet
  facet normal 0 -0.032450428020484735 0.9994733461785198
    outer loop
      vertex 17 465 91.99105834960938
      vertex 35 35 78.03002166748047
      vertex 35 465 91.99105834960938
    endloop
  endfacet
  facet normal 0 -0.032450428020484735 0.9994733461785198
    outer loop
      vertex 35 35 78.03002166748047
      vertex 17 465 91.99105834960938
      vertex 17 35 78.03002166748047
    endloop
  endfacet
  facet normal 0 -0.0324505632276912 0.999473341788667
    outer loop
      vertex 35 465 91.99105834960938
      vertex 37 480.2293395996094 92.48551940917969
      vertex 35 480.2293395996094 92.48551940917969
    endloop
  endfacet
  facet normal -0.0000010306435373726068 -0.032450428020467506 0.999473346177989
    outer loop
      vertex 35 35 78.03002166748047
      vertex 37 480.2293395996094 92.48551940917969
      vertex 35 465 91.99105834960938
    endloop
  endfacet
  facet normal 0.0000017001989505181657 -0.032450440274647455 0.9994733457792113
    outer loop
      vertex 37 480.2293395996094 92.48551940917969
      vertex 35 35 78.03002166748047
      vertex 37 18.47264862060547 77.49341583251953
    endloop
  endfacet
  facet normal 0 -0.03245064580170618 0.9994733391076784
    outer loop
      vertex 37 18.47264862060547 77.49341583251953
      vertex 35 35 78.03002166748047
      vertex 35 18.47264862060547 77.49341583251953
    endloop
  endfacet
  facet normal 1 0 0
    outer loop
      vertex 37 480.2293395996094 92.48551940917969
      vertex 37 19.12165641784668 57.50394821166992
      vertex 37 480.87835693359375 72.49604797363281
    endloop
  endfacet
  facet normal 1 0 0
    outer loop
      vertex 37 19.12165641784668 57.50394821166992
      vertex 37 480.2293395996094 92.48551940917969
      vertex 37 18.47264862060547 77.49341583251953
    endloop
  endfacet
  facet normal -1 0 0
    outer loop
      vertex 17 35 78.03002166748047
      vertex 17 465 71.98052215576172
      vertex 17 35 58.01948165893555
    endloop
  endfacet
  facet normal -1 0 0
    outer loop
      vertex 17 465 71.98052215576172
      vertex 17 35 78.03002166748047
      vertex 17 465 91.99105834960938
    endloop
  endfacet
  facet normal 0 0.999473332188177 0.032450858920247565
    outer loop
      vertex 37 480.87835693359375 72.49604797363281
      vertex 35 480.2293395996094 92.48551940917969
      vertex 37 480.2293395996094 92.48551940917969
    endloop
  endfacet
  facet normal 0 0.999473332188177 0.032450858920247565
    outer loop
      vertex 35 480.2293395996094 92.48551940917969
      vertex 37 480.87835693359375 72.49604797363281
      vertex 35 480.87835693359375 72.49604797363281
    endloop
  endfacet
  facet normal 0 -0.9994733474528368 -0.0324503887714892
    outer loop
      vertex 35 19.12165641784668 57.50394821166992
      vertex 37 18.47264862060547 77.49341583251953
      vertex 35 18.47264862060547 77.49341583251953
    endloop
  endfacet
  facet normal 0 -0.9994733474528368 -0.0324503887714892
    outer loop
      vertex 37 18.47264862060547 77.49341583251953
      vertex 35 19.12165641784668 57.50394821166992
      vertex 37 19.12165641784668 57.50394821166992
    endloop
  endfacet
  facet normal 0 0.03245061009619719 -0.9994733402669551
    outer loop
      vertex 963 19.12165641784668 57.50394821166992
      vertex 965 35 58.01948165893555
      vertex 965 19.12165641784668 57.50394821166992
    endloop
  endfacet
  facet normal 0.000001376659776178727 0.03245043687783391 -0.9994733458899956
    outer loop
      vertex 965 35 58.01948165893555
      vertex 963 19.12165641784668 57.50394821166992
      vertex 965 465 71.98052215576172
    endloop
  endfacet
  facet normal 0.000002608780928657374 0.03245043135685954 -0.9994733460667914
    outer loop
      vertex 963 480.87835693359375 72.49604797363281
      vertex 965 465 71.98052215576172
      vertex 963 19.12165641784668 57.50394821166992
    endloop
  endfacet
  facet normal 0 0.03245010310715729 -0.9994733567275992
    outer loop
      vertex 965 465 71.98052215576172
      vertex 963 480.87835693359375 72.49604797363281
      vertex 965 480.87835693359375 72.49604797363281
    endloop
  endfacet
  facet normal 0 0.032450436877864655 -0.9994733458909426
    outer loop
      vertex 965 35 58.01948165893555
      vertex 983 465 71.98052215576172
      vertex 983 35 58.01948165893555
    endloop
  endfacet
  facet normal 0 0.032450436877864655 -0.9994733458909426
    outer loop
      vertex 983 465 71.98052215576172
      vertex 965 35 58.01948165893555
      vertex 965 465 71.98052215576172
    endloop
  endfacet
  facet normal 0 -0.0324505632276912 0.999473341788667
    outer loop
      vertex 963 480.2293395996094 92.48551940917969
      vertex 965 465 91.99105834960938
      vertex 965 480.2293395996094 92.48551940917969
    endloop
  endfacet
  facet normal 0.0000010306435373726068 -0.032450428020467506 0.999473346177989
    outer loop
      vertex 965 465 91.99105834960938
      vertex 963 480.2293395996094 92.48551940917969
      vertex 965 35 78.03002166748047
    endloop
  endfacet
  facet normal -0.0000017001989505181657 -0.032450440274647455 0.9994733457792113
    outer loop
      vertex 963 18.47264862060547 77.49341583251953
      vertex 965 35 78.03002166748047
      vertex 963 480.2293395996094 92.48551940917969
    endloop
  endfacet
  facet normal 0 -0.03245064580170618 0.9994733391076784
    outer loop
      vertex 965 35 78.03002166748047
      vertex 963 18.47264862060547 77.49341583251953
      vertex 965 18.47264862060547 77.49341583251953
    endloop
  endfacet
  facet normal 0 -0.032450428020484735 0.9994733461785198
    outer loop
      vertex 965 465 91.99105834960938
      vertex 983 35 78.03002166748047
      vertex 983 465 91.99105834960938
    endloop
  endfacet
  facet normal 0 -0.032450428020484735 0.9994733461785198
    outer loop
      vertex 983 35 78.03002166748047
      vertex 965 465 91.99105834960938
      vertex 965 35 78.03002166748047
    endloop
  endfacet
  facet normal 1 0 0
    outer loop
      vertex 983 35 78.03002166748047
      vertex 983 465 71.98052215576172
      vertex 983 465 91.99105834960938
    endloop
  endfacet
  facet normal 1 0 0
    outer loop
      vertex 983 465 71.98052215576172
      vertex 983 35 78.03002166748047
      vertex 983 35 58.01948165893555
    endloop
  endfacet
  facet normal -1 0 0
    outer loop
      vertex 963 19.12165641784668 57.50394821166992
      vertex 963 480.2293395996094 92.48551940917969
      vertex 963 480.87835693359375 72.49604797363281
    endloop
  endfacet
  facet normal -1 0 0
    outer loop
      vertex 963 480.2293395996094 92.48551940917969
      vertex 963 19.12165641784668 57.50394821166992
      vertex 963 18.47264862060547 77.49341583251953
    endloop
  endfacet
  facet normal 0 0.999473332188177 0.032450858920247565
    outer loop
      vertex 965 480.87835693359375 72.49604797363281
      vertex 963 480.2293395996094 92.48551940917969
      vertex 965 480.2293395996094 92.48551940917969
    endloop
  endfacet
  facet normal 0 0.999473332188177 0.032450858920247565
    outer loop
      vertex 963 480.2293395996094 92.48551940917969
      vertex 965 480.87835693359375 72.49604797363281
      vertex 963 480.87835693359375 72.49604797363281
    endloop
  endfacet
  facet normal 0 -0.9994733474528368 -0.0324503887714892
    outer loop
      vertex 963 19.12165641784668 57.50394821166992
      vertex 965 18.47264862060547 77.49341583251953
      vertex 963 18.47264862060547 77.49341583251953
    endloop
  endfacet
  facet normal 0 -0.9994733474528368 -0.0324503887714892
    outer loop
      vertex 965 18.47264862060547 77.49341583251953
      vertex 963 19.12165641784668 57.50394821166992
      vertex 965 19.12165641784668 57.50394821166992
    endloop
  endfacet
  facet normal -0.06540196793025188 0.997858999353541 0
    outer loop
      vertex 480 -5.5 499
      vertex 479.6736755371094 -5.521388053894043 500
      vertex 480 -5.5 500
    endloop
  endfacet
  facet normal -0.06540196793025188 0.997858999353541 0
    outer loop
      vertex 479.6736755371094 -5.521388053894043 500
      vertex 480 -5.5 499
      vertex 479.6736755371094 -5.521388053894043 499
    endloop
  endfacet
  facet normal -0.06540196793025188 0.997858999353541 0
    outer loop
      vertex 480 -5.5 515
      vertex 479.6736755371094 -5.521388053894043 516
      vertex 480 -5.5 516
    endloop
  endfacet
  facet normal -0.06540196793025188 0.997858999353541 0
    outer loop
      vertex 479.6736755371094 -5.521388053894043 516
      vertex 480 -5.5 515
      vertex 479.6736755371094 -5.521388053894043 515
    endloop
  endfacet
  facet normal 0.9978579228599144 0.06541839027137003 0
    outer loop
      vertex 482.5 -8 516
      vertex 482.4786071777344 -7.673685073852539 515
      vertex 482.4786071777344 -7.673685073852539 516
    endloop
  endfacet
  facet normal 0.9978579228599144 0.06541839027137003 0
    outer loop
      vertex 482.4786071777344 -7.673685073852539 515
      vertex 482.5 -8 516
      vertex 482.5 -8 515
    endloop
  endfacet
  facet normal 0.9978579228599144 0.06541839027137003 0
    outer loop
      vertex 482.5 -8 500
      vertex 482.4786071777344 -7.673685073852539 499
      vertex 482.4786071777344 -7.673685073852539 500
    endloop
  endfacet
  facet normal 0.9978579228599144 0.06541839027137003 0
    outer loop
      vertex 482.4786071777344 -7.673685073852539 499
      vertex 482.5 -8 500
      vertex 482.5 -8 499
    endloop
  endfacet
  facet normal 0.9469139874798244 -0.32148701422461706 0
    outer loop
      vertex 482.3096923828125 -8.956708908081055 500
      vertex 482.4148254394531 -8.647047996520996 499
      vertex 482.4148254394531 -8.647047996520996 500
    endloop
  endfacet
  facet normal 0.9469139874798244 -0.32148701422461706 0
    outer loop
      vertex 482.4148254394531 -8.647047996520996 499
      vertex 482.3096923828125 -8.956708908081055 500
      vertex 482.3096923828125 -8.956708908081055 499
    endloop
  endfacet
  facet normal 0.9469139874798244 -0.32148701422461706 0
    outer loop
      vertex 482.3096923828125 -8.956708908081055 516
      vertex 482.4148254394531 -8.647047996520996 515
      vertex 482.4148254394531 -8.647047996520996 516
    endloop
  endfacet
  facet normal 0.9469139874798244 -0.32148701422461706 0
    outer loop
      vertex 482.4148254394531 -8.647047996520996 515
      vertex 482.3096923828125 -8.956708908081055 516
      vertex 482.3096923828125 -8.956708908081055 515
    endloop
  endfacet
  facet normal 0 0 1
    outer loop
      vertex 482.4786071777344 -7.673685073852539 516
      vertex 482.4786071777344 -8.326315879821777 516
      vertex 482.5 -8 516
    endloop
  endfacet
  facet normal 0 0 1
    outer loop
      vertex 482.4148254394531 -7.35295295715332 516
      vertex 482.4786071777344 -8.326315879821777 516
      vertex 482.4786071777344 -7.673685073852539 516
    endloop
  endfacet
  facet normal 0 0 1
    outer loop
      vertex 482.4148254394531 -7.35295295715332 516
      vertex 482.4148254394531 -8.647047996520996 516
      vertex 482.4786071777344 -8.326315879821777 516
    endloop
  endfacet
  facet normal 0 0 1
    outer loop
      vertex 482.3096923828125 -7.043292045593262 516
      vertex 482.4148254394531 -8.647047996520996 516
      vertex 482.4148254394531 -7.35295295715332 516
    endloop
  endfacet
  facet normal 0 0 1
    outer loop
      vertex 482.3096923828125 -7.043292045593262 516
      vertex 482.3096923828125 -8.956708908081055 516
      vertex 482.4148254394531 -8.647047996520996 516
    endloop
  endfacet
  facet normal 0 0 1
    outer loop
      vertex 482.1650695800781 -6.75 516
      vertex 482.3096923828125 -8.956708908081055 516
      vertex 482.3096923828125 -7.043292045593262 516
    endloop
  endfacet
  facet normal 0 0 1
    outer loop
      vertex 482.1650695800781 -6.75 516
      vertex 482.1650695800781 -9.25 516
      vertex 482.3096923828125 -8.956708908081055 516
    endloop
  endfacet
  facet normal 0 0 1
    outer loop
      vertex 481.9833984375 -6.478096961975098 516
      vertex 482.1650695800781 -9.25 516
      vertex 482.1650695800781 -6.75 516
    endloop
  endfacet
  facet normal 0 0 1
    outer loop
      vertex 481.9833984375 -6.478096961975098 516
      vertex 481.9833984375 -9.521903991699219 516
      vertex 482.1650695800781 -9.25 516
    endloop
  endfacet
  facet normal 0 0 1
    outer loop
      vertex 481.76776123046875 -6.232233047485352 516
      vertex 481.9833984375 -9.521903991699219 516
      vertex 481.9833984375 -6.478096961975098 516
    endloop
  endfacet
  facet normal 0 0 1
    outer loop
      vertex 481.76776123046875 -6.232233047485352 516
      vertex 481.76776123046875 -9.767767906188965 516
      vertex 481.9833984375 -9.521903991699219 516
    endloop
  endfacet
  facet normal 0 0 1
    outer loop
      vertex 481.52191162109375 -6.0166168212890625 516
      vertex 481.76776123046875 -9.767767906188965 516
      vertex 481.76776123046875 -6.232233047485352 516
    endloop
  endfacet
  facet normal 0 0 1
    outer loop
      vertex 481.52191162109375 -6.0166168212890625 516
      vertex 481.52191162109375 -9.983384132385254 516
      vertex 481.76776123046875 -9.767767906188965 516
    endloop
  endfacet
  facet normal 0 0 1
    outer loop
      vertex 481.25 -5.83493709564209 516
      vertex 481.52191162109375 -9.983384132385254 516
      vertex 481.52191162109375 -6.0166168212890625 516
    endloop
  endfacet
  facet normal 0 0 1
    outer loop
      vertex 481.25 -5.83493709564209 516
      vertex 481.25 -10.165063858032227 516
      vertex 481.52191162109375 -9.983384132385254 516
    endloop
  endfacet
  facet normal 0 0 1
    outer loop
      vertex 480.9566955566406 -5.690301895141602 516
      vertex 481.25 -10.165063858032227 516
      vertex 481.25 -5.83493709564209 516
    endloop
  endfacet
  facet normal 0 0 1
    outer loop
      vertex 480.9566955566406 -5.690301895141602 516
      vertex 480.9566955566406 -10.309699058532715 516
      vertex 481.25 -10.165063858032227 516
    endloop
  endfacet
  facet normal 0 0 1
    outer loop
      vertex 480.64703369140625 -5.585186004638672 516
      vertex 480.9566955566406 -10.309699058532715 516
      vertex 480.9566955566406 -5.690301895141602 516
    endloop
  endfacet
  facet normal 0 0 1
    outer loop
      vertex 480.64703369140625 -5.585186004638672 516
      vertex 480.64703369140625 -10.414814949035645 516
      vertex 480.9566955566406 -10.309699058532715 516
    endloop
  endfacet
  facet normal 0 0 1
    outer loop
      vertex 480.3263244628906 -5.521388053894043 516
      vertex 480.64703369140625 -10.414814949035645 516
      vertex 480.64703369140625 -5.585186004638672 516
    endloop
  endfacet
  facet normal 0 0 1
    outer loop
      vertex 480.3263244628906 -5.521388053894043 516
      vertex 480.3263244628906 -10.478612899780273 516
      vertex 480.64703369140625 -10.414814949035645 516
    endloop
  endfacet
  facet normal 0 0 1
    outer loop
      vertex 480 -5.5 516
      vertex 480.3263244628906 -10.478612899780273 516
      vertex 480.3263244628906 -5.521388053894043 516
    endloop
  endfacet
  facet normal 0 0 1
    outer loop
      vertex 480 -5.5 516
      vertex 480 -10.5 516
      vertex 480.3263244628906 -10.478612899780273 516
    endloop
  endfacet
  facet normal 0 0 1
    outer loop
      vertex 479.6736755371094 -5.521388053894043 516
      vertex 480 -10.5 516
      vertex 480 -5.5 516
    endloop
  endfacet
  facet normal 0 0 1
    outer loop
      vertex 479.6736755371094 -5.521388053894043 516
      vertex 479.6736755371094 -10.478612899780273 516
      vertex 480 -10.5 516
    endloop
  endfacet
  facet normal 0 0 1
    outer loop
      vertex 479.35296630859375 -5.585186004638672 516
      vertex 479.6736755371094 -10.478612899780273 516
      vertex 479.6736755371094 -5.521388053894043 516
    endloop
  endfacet
  facet normal 0 0 1
    outer loop
      vertex 479.35296630859375 -5.585186004638672 516
      vertex 479.35296630859375 -10.414814949035645 516
      vertex 479.6736755371094 -10.478612899780273 516
    endloop
  endfacet
  facet normal 0 0 1
    outer loop
      vertex 479.0433044433594 -5.690301895141602 516
      vertex 479.35296630859375 -10.414814949035645 516
      vertex 479.35296630859375 -5.585186004638672 516
    endloop
  endfacet
  facet normal 0 0 1
    outer loop
      vertex 479.0433044433594 -5.690301895141602 516
      vertex 479.0433044433594 -10.309699058532715 516
      vertex 479.35296630859375 -10.414814949035645 516
    endloop
  endfacet
  facet normal 0 0 1
    outer loop
      vertex 478.75 -5.83493709564209 516
      vertex 479.0433044433594 -10.309699058532715 516
      vertex 479.0433044433594 -5.690301895141602 516
    endloop
  endfacet
  facet normal 0 0 1
    outer loop
      vertex 478.75 -5.83493709564209 516
      vertex 478.75 -10.165063858032227 516
      vertex 479.0433044433594 -10.309699058532715 516
    endloop
  endfacet
  facet normal 0 0 1
    outer loop
      vertex 478.47808837890625 -6.0166168212890625 516
      vertex 478.75 -10.165063858032227 516
      vertex 478.75 -5.83493709564209 516
    endloop
  endfacet
  facet normal 0 0 1
    outer loop
      vertex 478.47808837890625 -6.0166168212890625 516
      vertex 478.47808837890625 -9.983384132385254 516
      vertex 478.75 -10.165063858032227 516
    endloop
  endfacet
  facet normal 0 0 1
    outer loop
      vertex 478.23223876953125 -6.232233047485352 516
      vertex 478.47808837890625 -9.983384132385254 516
      vertex 478.47808837890625 -6.0166168212890625 516
    endloop
  endfacet
  facet normal 0 0 1
    outer loop
      vertex 478.23223876953125 -6.232233047485352 516
      vertex 478.23223876953125 -9.767767906188965 516
      vertex 478.47808837890625 -9.983384132385254 516
    endloop
  endfacet
  facet normal 0 0 1
    outer loop
      vertex 478.0166015625 -6.478096961975098 516
      vertex 478.23223876953125 -9.767767906188965 516
      vertex 478.23223876953125 -6.232233047485352 516
    endloop
  endfacet
  facet normal 0 0 1
    outer loop
      vertex 478.0166015625 -6.478096961975098 516
      vertex 478.0166015625 -9.521903991699219 516
      vertex 478.23223876953125 -9.767767906188965 516
    endloop
  endfacet
  facet normal 0 0 1
    outer loop
      vertex 477.8349304199219 -6.75 516
      vertex 478.0166015625 -9.521903991699219 516
      vertex 478.0166015625 -6.478096961975098 516
    endloop
  endfacet
  facet normal 0 0 1
    outer loop
      vertex 477.8349304199219 -6.75 516
      vertex 477.8349304199219 -9.25 516
      vertex 478.0166015625 -9.521903991699219 516
    endloop
  endfacet
  facet normal 0 0 1
    outer loop
      vertex 477.6903076171875 -7.043292045593262 516
      vertex 477.8349304199219 -9.25 516
      vertex 477.8349304199219 -6.75 516
    endloop
  endfacet
  facet normal 0 0 1
    outer loop
      vertex 477.6903076171875 -7.043292045593262 516
      vertex 477.6903076171875 -8.956708908081055 516
      vertex 477.8349304199219 -9.25 516
    endloop
  endfacet
  facet normal 0 0 1
    outer loop
      vertex 477.5851745605469 -7.35295295715332 516
      vertex 477.6903076171875 -8.956708908081055 516
      vertex 477.6903076171875 -7.043292045593262 516
    endloop
  endfacet
  facet normal 0 0 1
    outer loop
      vertex 477.5851745605469 -7.35295295715332 516
      vertex 477.5851745605469 -8.647047996520996 516
      vertex 477.6903076171875 -8.956708908081055 516
    endloop
  endfacet
  facet normal 0 0 1
    outer loop
      vertex 477.5213928222656 -7.673685073852539 516
      vertex 477.5851745605469 -8.647047996520996 516
      vertex 477.5851745605469 -7.35295295715332 516
    endloop
  endfacet
  facet normal 0 0 1
    outer loop
      vertex 477.5213928222656 -7.673685073852539 516
      vertex 477.5213928222656 -8.326315879821777 516
      vertex 477.5851745605469 -8.647047996520996 516
    endloop
  endfacet
  facet normal 0 0 1
    outer loop
      vertex 477.5213928222656 -8.326315879821777 516
      vertex 477.5213928222656 -7.673685073852539 516
      vertex 477.5 -8 516
    endloop
  endfacet
  facet normal 0.8968877314777312 -0.44225829231878655 0
    outer loop
      vertex 482.1650695800781 -9.25 516
      vertex 482.3096923828125 -8.956708908081055 515
      vertex 482.3096923828125 -8.956708908081055 516
    endloop
  endfacet
  facet normal 0.8968877314777312 -0.44225829231878655 0
    outer loop
      vertex 482.3096923828125 -8.956708908081055 515
      vertex 482.1650695800781 -9.25 516
      vertex 482.1650695800781 -9.25 515
    endloop
  endfacet
  facet normal 0.8968877314777312 -0.44225829231878655 0
    outer loop
      vertex 482.1650695800781 -9.25 500
      vertex 482.3096923828125 -8.956708908081055 499
      vertex 482.3096923828125 -8.956708908081055 500
    endloop
  endfacet
  facet normal 0.8968877314777312 -0.44225829231878655 0
    outer loop
      vertex 482.3096923828125 -8.956708908081055 499
      vertex 482.1650695800781 -9.25 500
      vertex 482.1650695800781 -9.25 499
    endloop
  endfacet
  facet normal 0.7518089732175759 -0.6593809731782788 0
    outer loop
      vertex 481.76776123046875 -9.767767906188965 516
      vertex 481.9833984375 -9.521903991699219 515
      vertex 481.9833984375 -9.521903991699219 516
    endloop
  endfacet
  facet normal 0.7518089732175759 -0.6593809731782788 0
    outer loop
      vertex 481.9833984375 -9.521903991699219 515
      vertex 481.76776123046875 -9.767767906188965 516
      vertex 481.76776123046875 -9.767767906188965 515
    endloop
  endfacet
  facet normal 0.7518089732175759 -0.6593809731782788 0
    outer loop
      vertex 481.76776123046875 -9.767767906188965 500
      vertex 481.9833984375 -9.521903991699219 499
      vertex 481.9833984375 -9.521903991699219 500
    endloop
  endfacet
  facet normal 0.7518089732175759 -0.6593809731782788 0
    outer loop
      vertex 481.9833984375 -9.521903991699219 499
      vertex 481.76776123046875 -9.767767906188965 500
      vertex 481.76776123046875 -9.767767906188965 499
    endloop
  endfacet
  facet normal 0.8968883018909258 0.4422571355345342 0
    outer loop
      vertex 482.3096923828125 -7.043292045593262 500
      vertex 482.1650695800781 -6.75 499
      vertex 482.1650695800781 -6.75 500
    endloop
  endfacet
  facet normal 0.8968883018909258 0.4422571355345342 0
    outer loop
      vertex 482.1650695800781 -6.75 499
      vertex 482.3096923828125 -7.043292045593262 500
      vertex 482.3096923828125 -7.043292045593262 499
    endloop
  endfacet
  facet normal 0.8968883018909258 0.4422571355345342 0
    outer loop
      vertex 482.3096923828125 -7.043292045593262 516
      vertex 482.1650695800781 -6.75 515
      vertex 482.1650695800781 -6.75 516
    endloop
  endfacet
  facet normal 0.8968883018909258 0.4422571355345342 0
    outer loop
      vertex 482.1650695800781 -6.75 515
      vertex 482.3096923828125 -7.043292045593262 516
      vertex 482.3096923828125 -7.043292045593262 515
    endloop
  endfacet
  facet normal 0.19510479216230248 -0.9807824020012313 0
    outer loop
      vertex 480.3263244628906 -10.478612899780273 499
      vertex 480.64703369140625 -10.414814949035645 500
      vertex 480.3263244628906 -10.478612899780273 500
    endloop
  endfacet
  facet normal 0.19510479216230248 -0.9807824020012313 0
    outer loop
      vertex 480.64703369140625 -10.414814949035645 500
      vertex 480.3263244628906 -10.478612899780273 499
      vertex 480.64703369140625 -10.414814949035645 499
    endloop
  endfacet
  facet normal 0.19510479216230248 -0.9807824020012313 0
    outer loop
      vertex 480.3263244628906 -10.478612899780273 515
      vertex 480.64703369140625 -10.414814949035645 516
      vertex 480.3263244628906 -10.478612899780273 516
    endloop
  endfacet
  facet normal 0.19510479216230248 -0.9807824020012313 0
    outer loop
      vertex 480.64703369140625 -10.414814949035645 516
      vertex 480.3263244628906 -10.478612899780273 515
      vertex 480.64703369140625 -10.414814949035645 515
    endloop
  endfacet
  facet normal -0.8968883018909258 0.4422571355345342 0
    outer loop
      vertex 477.6903076171875 -7.043292045593262 499
      vertex 477.8349304199219 -6.75 500
      vertex 477.8349304199219 -6.75 499
    endloop
  endfacet
  facet normal -0.8968883018909258 0.4422571355345342 0
    outer loop
      vertex 477.8349304199219 -6.75 500
      vertex 477.6903076171875 -7.043292045593262 499
      vertex 477.6903076171875 -7.043292045593262 500
    endloop
  endfacet
  facet normal -0.8968883018909258 0.4422571355345342 0
    outer loop
      vertex 477.6903076171875 -7.043292045593262 515
      vertex 477.8349304199219 -6.75 516
      vertex 477.8349304199219 -6.75 515
    endloop
  endfacet
  facet normal -0.8968883018909258 0.4422571355345342 0
    outer loop
      vertex 477.8349304199219 -6.75 516
      vertex 477.6903076171875 -7.043292045593262 515
      vertex 477.6903076171875 -7.043292045593262 516
    endloop
  endfacet
  facet normal 0.9807945513162976 0.19504370819963004 0
    outer loop
      vertex 482.4786071777344 -7.673685073852539 500
      vertex 482.4148254394531 -7.35295295715332 499
      vertex 482.4148254394531 -7.35295295715332 500
    endloop
  endfacet
  facet normal 0.9807945513162976 0.19504370819963004 0
    outer loop
      vertex 482.4148254394531 -7.35295295715332 499
      vertex 482.4786071777344 -7.673685073852539 500
      vertex 482.4786071777344 -7.673685073852539 499
    endloop
  endfacet
  facet normal 0.9807945513162976 0.19504370819963004 0
    outer loop
      vertex 482.4786071777344 -7.673685073852539 516
      vertex 482.4148254394531 -7.35295295715332 515
      vertex 482.4148254394531 -7.35295295715332 516
    endloop
  endfacet
  facet normal 0.9807945513162976 0.19504370819963004 0
    outer loop
      vertex 482.4148254394531 -7.35295295715332 515
      vertex 482.4786071777344 -7.673685073852539 516
      vertex 482.4786071777344 -7.673685073852539 515
    endloop
  endfacet
  facet normal 0.9469139874798244 0.32148701422461706 0
    outer loop
      vertex 482.4148254394531 -7.35295295715332 500
      vertex 482.3096923828125 -7.043292045593262 499
      vertex 482.3096923828125 -7.043292045593262 500
    endloop
  endfacet
  facet normal 0.9469139874798244 0.32148701422461706 0
    outer loop
      vertex 482.3096923828125 -7.043292045593262 499
      vertex 482.4148254394531 -7.35295295715332 500
      vertex 482.4148254394531 -7.35295295715332 499
    endloop
  endfacet
  facet normal 0.9469139874798244 0.32148701422461706 0
    outer loop
      vertex 482.4148254394531 -7.35295295715332 516
      vertex 482.3096923828125 -7.043292045593262 515
      vertex 482.3096923828125 -7.043292045593262 516
    endloop
  endfacet
  facet normal 0.9469139874798244 0.32148701422461706 0
    outer loop
      vertex 482.3096923828125 -7.043292045593262 515
      vertex 482.4148254394531 -7.35295295715332 516
      vertex 482.4148254394531 -7.35295295715332 515
    endloop
  endfacet
  facet normal -0.19510479216230248 0.9807824020012313 0
    outer loop
      vertex 479.6736755371094 -5.521388053894043 499
      vertex 479.35296630859375 -5.585186004638672 500
      vertex 479.6736755371094 -5.521388053894043 500
    endloop
  endfacet
  facet normal -0.19510479216230248 0.9807824020012313 0
    outer loop
      vertex 479.35296630859375 -5.585186004638672 500
      vertex 479.6736755371094 -5.521388053894043 499
      vertex 479.35296630859375 -5.585186004638672 499
    endloop
  endfacet
  facet normal -0.19510479216230248 0.9807824020012313 0
    outer loop
      vertex 479.6736755371094 -5.521388053894043 515
      vertex 479.35296630859375 -5.585186004638672 516
      vertex 479.6736755371094 -5.521388053894043 516
    endloop
  endfacet
  facet normal -0.19510479216230248 0.9807824020012313 0
    outer loop
      vertex 479.35296630859375 -5.585186004638672 516
      vertex 479.6736755371094 -5.521388053894043 515
      vertex 479.35296630859375 -5.585186004638672 515
    endloop
  endfacet
  facet normal -0.7518089732175759 -0.6593809731782788 0
    outer loop
      vertex 478.23223876953125 -9.767767906188965 515
      vertex 478.0166015625 -9.521903991699219 516
      vertex 478.0166015625 -9.521903991699219 515
    endloop
  endfacet
  facet normal -0.7518089732175759 -0.6593809731782788 0
    outer loop
      vertex 478.0166015625 -9.521903991699219 516
      vertex 478.23223876953125 -9.767767906188965 515
      vertex 478.23223876953125 -9.767767906188965 516
    endloop
  endfacet
  facet normal -0.7518089732175759 -0.6593809731782788 0
    outer loop
      vertex 478.23223876953125 -9.767767906188965 499
      vertex 478.0166015625 -9.521903991699219 500
      vertex 478.0166015625 -9.521903991699219 499
    endloop
  endfacet
  facet normal -0.7518089732175759 -0.6593809731782788 0
    outer loop
      vertex 478.0166015625 -9.521903991699219 500
      vertex 478.23223876953125 -9.767767906188965 499
      vertex 478.23223876953125 -9.767767906188965 500
    endloop
  endfacet
  facet normal -0.9469139874798244 -0.32148701422461706 0
    outer loop
      vertex 477.6903076171875 -8.956708908081055 515
      vertex 477.5851745605469 -8.647047996520996 516
      vertex 477.5851745605469 -8.647047996520996 515
    endloop
  endfacet
  facet normal -0.9469139874798244 -0.32148701422461706 0
    outer loop
      vertex 477.5851745605469 -8.647047996520996 516
      vertex 477.6903076171875 -8.956708908081055 515
      vertex 477.6903076171875 -8.956708908081055 516
    endloop
  endfacet
  facet normal -0.9469139874798244 -0.32148701422461706 0
    outer loop
      vertex 477.6903076171875 -8.956708908081055 499
      vertex 477.5851745605469 -8.647047996520996 500
      vertex 477.5851745605469 -8.647047996520996 499
    endloop
  endfacet
  facet normal -0.9469139874798244 -0.32148701422461706 0
    outer loop
      vertex 477.5851745605469 -8.647047996520996 500
      vertex 477.6903076171875 -8.956708908081055 499
      vertex 477.6903076171875 -8.956708908081055 500
    endloop
  endfacet
  facet normal 0.6593663944918402 -0.7518217593384956 0
    outer loop
      vertex 481.52191162109375 -9.983384132385254 499
      vertex 481.76776123046875 -9.767767906188965 500
      vertex 481.52191162109375 -9.983384132385254 500
    endloop
  endfacet
  facet normal 0.6593663944918402 -0.7518217593384956 0
    outer loop
      vertex 481.76776123046875 -9.767767906188965 500
      vertex 481.52191162109375 -9.983384132385254 499
      vertex 481.76776123046875 -9.767767906188965 499
    endloop
  endfacet
  facet normal 0.6593663944918402 -0.7518217593384956 0
    outer loop
      vertex 481.52191162109375 -9.983384132385254 515
      vertex 481.76776123046875 -9.767767906188965 516
      vertex 481.52191162109375 -9.983384132385254 516
    endloop
  endfacet
  facet normal 0.6593663944918402 -0.7518217593384956 0
    outer loop
      vertex 481.76776123046875 -9.767767906188965 516
      vertex 481.52191162109375 -9.983384132385254 515
      vertex 481.76776123046875 -9.767767906188965 515
    endloop
  endfacet
  facet normal 0.9807945513162976 -0.19504370819963004 0
    outer loop
      vertex 482.4148254394531 -8.647047996520996 500
      vertex 482.4786071777344 -8.326315879821777 499
      vertex 482.4786071777344 -8.326315879821777 500
    endloop
  endfacet
  facet normal 0.9807945513162976 -0.19504370819963004 0
    outer loop
      vertex 482.4786071777344 -8.326315879821777 499
      vertex 482.4148254394531 -8.647047996520996 500
      vertex 482.4148254394531 -8.647047996520996 499
    endloop
  endfacet
  facet normal 0.9807945513162976 -0.19504370819963004 0
    outer loop
      vertex 482.4148254394531 -8.647047996520996 516
      vertex 482.4786071777344 -8.326315879821777 515
      vertex 482.4786071777344 -8.326315879821777 516
    endloop
  endfacet
  facet normal 0.9807945513162976 -0.19504370819963004 0
    outer loop
      vertex 482.4786071777344 -8.326315879821777 515
      vertex 482.4148254394531 -8.647047996520996 516
      vertex 482.4148254394531 -8.647047996520996 515
    endloop
  endfacet
  facet normal 0.6593663944918402 0.7518217593384956 0
    outer loop
      vertex 481.76776123046875 -6.232233047485352 515
      vertex 481.52191162109375 -6.0166168212890625 516
      vertex 481.76776123046875 -6.232233047485352 516
    endloop
  endfacet
  facet normal 0.6593663944918402 0.7518217593384956 0
    outer loop
      vertex 481.52191162109375 -6.0166168212890625 516
      vertex 481.76776123046875 -6.232233047485352 515
      vertex 481.52191162109375 -6.0166168212890625 515
    endloop
  endfacet
  facet normal 0.6593663944918402 0.7518217593384956 0
    outer loop
      vertex 481.76776123046875 -6.232233047485352 499
      vertex 481.52191162109375 -6.0166168212890625 500
      vertex 481.76776123046875 -6.232233047485352 500
    endloop
  endfacet
  facet normal 0.6593663944918402 0.7518217593384956 0
    outer loop
      vertex 481.52191162109375 -6.0166168212890625 500
      vertex 481.76776123046875 -6.232233047485352 499
      vertex 481.52191162109375 -6.0166168212890625 499
    endloop
  endfacet
  facet normal -0.44227259360148463 0.8968806793264175 0
    outer loop
      vertex 479.0433044433594 -5.690301895141602 499
      vertex 478.75 -5.83493709564209 500
      vertex 479.0433044433594 -5.690301895141602 500
    endloop
  endfacet
  facet normal -0.44227259360148463 0.8968806793264175 0
    outer loop
      vertex 478.75 -5.83493709564209 500
      vertex 479.0433044433594 -5.690301895141602 499
      vertex 478.75 -5.83493709564209 499
    endloop
  endfacet
  facet normal -0.44227259360148463 0.8968806793264175 0
    outer loop
      vertex 479.0433044433594 -5.690301895141602 515
      vertex 478.75 -5.83493709564209 516
      vertex 479.0433044433594 -5.690301895141602 516
    endloop
  endfacet
  facet normal -0.44227259360148463 0.8968806793264175 0
    outer loop
      vertex 478.75 -5.83493709564209 516
      vertex 479.0433044433594 -5.690301895141602 515
      vertex 478.75 -5.83493709564209 515
    endloop
  endfacet
  facet normal -0.9469139874798244 0.32148701422461706 0
    outer loop
      vertex 477.5851745605469 -7.35295295715332 515
      vertex 477.6903076171875 -7.043292045593262 516
      vertex 477.6903076171875 -7.043292045593262 515
    endloop
  endfacet
  facet normal -0.9469139874798244 0.32148701422461706 0
    outer loop
      vertex 477.6903076171875 -7.043292045593262 516
      vertex 477.5851745605469 -7.35295295715332 515
      vertex 477.5851745605469 -7.35295295715332 516
    endloop
  endfacet
  facet normal -0.9469139874798244 0.32148701422461706 0
    outer loop
      vertex 477.5851745605469 -7.35295295715332 499
      vertex 477.6903076171875 -7.043292045593262 500
      vertex 477.6903076171875 -7.043292045593262 499
    endloop
  endfacet
  facet normal -0.9469139874798244 0.32148701422461706 0
    outer loop
      vertex 477.6903076171875 -7.043292045593262 500
      vertex 477.5851745605469 -7.35295295715332 499
      vertex 477.5851745605469 -7.35295295715332 500
    endloop
  endfacet
  facet normal -0.6593663944918402 0.7518217593384956 0
    outer loop
      vertex 478.47808837890625 -6.0166168212890625 499
      vertex 478.23223876953125 -6.232233047485352 500
      vertex 478.47808837890625 -6.0166168212890625 500
    endloop
  endfacet
  facet normal -0.6593663944918402 0.7518217593384956 0
    outer loop
      vertex 478.23223876953125 -6.232233047485352 500
      vertex 478.47808837890625 -6.0166168212890625 499
      vertex 478.23223876953125 -6.232233047485352 499
    endloop
  endfacet
  facet normal -0.6593663944918402 0.7518217593384956 0
    outer loop
      vertex 478.47808837890625 -6.0166168212890625 515
      vertex 478.23223876953125 -6.232233047485352 516
      vertex 478.47808837890625 -6.0166168212890625 516
    endloop
  endfacet
  facet normal -0.6593663944918402 0.7518217593384956 0
    outer loop
      vertex 478.23223876953125 -6.232233047485352 516
      vertex 478.47808837890625 -6.0166168212890625 515
      vertex 478.23223876953125 -6.232233047485352 515
    endloop
  endfacet
  facet normal -0.9807945513162976 0.19504370819963004 0
    outer loop
      vertex 477.5213928222656 -7.673685073852539 515
      vertex 477.5851745605469 -7.35295295715332 516
      vertex 477.5851745605469 -7.35295295715332 515
    endloop
  endfacet
  facet normal -0.9807945513162976 0.19504370819963004 0
    outer loop
      vertex 477.5851745605469 -7.35295295715332 516
      vertex 477.5213928222656 -7.673685073852539 515
      vertex 477.5213928222656 -7.673685073852539 516
    endloop
  endfacet
  facet normal -0.9807945513162976 0.19504370819963004 0
    outer loop
      vertex 477.5213928222656 -7.673685073852539 499
      vertex 477.5851745605469 -7.35295295715332 500
      vertex 477.5851745605469 -7.35295295715332 499
    endloop
  endfacet
  facet normal -0.9807945513162976 0.19504370819963004 0
    outer loop
      vertex 477.5851745605469 -7.35295295715332 500
      vertex 477.5213928222656 -7.673685073852539 499
      vertex 477.5213928222656 -7.673685073852539 500
    endloop
  endfacet
  facet normal 0.32143905823127156 -0.9469302676772948 0
    outer loop
      vertex 480.64703369140625 -10.414814949035645 499
      vertex 480.9566955566406 -10.309699058532715 500
      vertex 480.64703369140625 -10.414814949035645 500
    endloop
  endfacet
  facet normal 0.32143905823127156 -0.9469302676772948 0
    outer loop
      vertex 480.9566955566406 -10.309699058532715 500
      vertex 480.64703369140625 -10.414814949035645 499
      vertex 480.9566955566406 -10.309699058532715 499
    endloop
  endfacet
  facet normal 0.32143905823127156 -0.9469302676772948 0
    outer loop
      vertex 480.64703369140625 -10.414814949035645 515
      vertex 480.9566955566406 -10.309699058532715 516
      vertex 480.64703369140625 -10.414814949035645 516
    endloop
  endfacet
  facet normal 0.32143905823127156 -0.9469302676772948 0
    outer loop
      vertex 480.9566955566406 -10.309699058532715 516
      vertex 480.64703369140625 -10.414814949035645 515
      vertex 480.9566955566406 -10.309699058532715 515
    endloop
  endfacet
  facet normal -0.9807945513162976 -0.19504370819963004 0
    outer loop
      vertex 477.5851745605469 -8.647047996520996 515
      vertex 477.5213928222656 -8.326315879821777 516
      vertex 477.5213928222656 -8.326315879821777 515
    endloop
  endfacet
  facet normal -0.9807945513162976 -0.19504370819963004 0
    outer loop
      vertex 477.5213928222656 -8.326315879821777 516
      vertex 477.5851745605469 -8.647047996520996 515
      vertex 477.5851745605469 -8.647047996520996 516
    endloop
  endfacet
  facet normal -0.9807945513162976 -0.19504370819963004 0
    outer loop
      vertex 477.5851745605469 -8.647047996520996 499
      vertex 477.5213928222656 -8.326315879821777 500
      vertex 477.5213928222656 -8.326315879821777 499
    endloop
  endfacet
  facet normal -0.9807945513162976 -0.19504370819963004 0
    outer loop
      vertex 477.5213928222656 -8.326315879821777 500
      vertex 477.5851745605469 -8.647047996520996 499
      vertex 477.5851745605469 -8.647047996520996 500
    endloop
  endfacet
  facet normal -0.8968877314777312 -0.44225829231878655 0
    outer loop
      vertex 477.8349304199219 -9.25 515
      vertex 477.6903076171875 -8.956708908081055 516
      vertex 477.6903076171875 -8.956708908081055 515
    endloop
  endfacet
  facet normal -0.8968877314777312 -0.44225829231878655 0
    outer loop
      vertex 477.6903076171875 -8.956708908081055 516
      vertex 477.8349304199219 -9.25 515
      vertex 477.8349304199219 -9.25 516
    endloop
  endfacet
  facet normal -0.8968877314777312 -0.44225829231878655 0
    outer loop
      vertex 477.8349304199219 -9.25 499
      vertex 477.6903076171875 -8.956708908081055 500
      vertex 477.6903076171875 -8.956708908081055 499
    endloop
  endfacet
  facet normal -0.8968877314777312 -0.44225829231878655 0
    outer loop
      vertex 477.6903076171875 -8.956708908081055 500
      vertex 477.8349304199219 -9.25 499
      vertex 477.8349304199219 -9.25 500
    endloop
  endfacet
  facet normal 0.9978579353403478 -0.06541819990108538 0
    outer loop
      vertex 482.4786071777344 -8.326315879821777 500
      vertex 482.5 -8 499
      vertex 482.5 -8 500
    endloop
  endfacet
  facet normal 0.9978579353403478 -0.06541819990108538 0
    outer loop
      vertex 482.5 -8 499
      vertex 482.4786071777344 -8.326315879821777 500
      vertex 482.4786071777344 -8.326315879821777 499
    endloop
  endfacet
  facet normal 0.9978579353403478 -0.06541819990108538 0
    outer loop
      vertex 482.4786071777344 -8.326315879821777 516
      vertex 482.5 -8 515
      vertex 482.5 -8 516
    endloop
  endfacet
  facet normal 0.9978579353403478 -0.06541819990108538 0
    outer loop
      vertex 482.5 -8 515
      vertex 482.4786071777344 -8.326315879821777 516
      vertex 482.4786071777344 -8.326315879821777 515
    endloop
  endfacet
  facet normal -0.5555579482665354 0.8314778205808485 0
    outer loop
      vertex 478.75 -5.83493709564209 499
      vertex 478.47808837890625 -6.0166168212890625 500
      vertex 478.75 -5.83493709564209 500
    endloop
  endfacet
  facet normal -0.5555579482665354 0.8314778205808485 0
    outer loop
      vertex 478.47808837890625 -6.0166168212890625 500
      vertex 478.75 -5.83493709564209 499
      vertex 478.47808837890625 -6.0166168212890625 499
    endloop
  endfacet
  facet normal -0.5555579482665354 0.8314778205808485 0
    outer loop
      vertex 478.75 -5.83493709564209 515
      vertex 478.47808837890625 -6.0166168212890625 516
      vertex 478.75 -5.83493709564209 516
    endloop
  endfacet
  facet normal -0.5555579482665354 0.8314778205808485 0
    outer loop
      vertex 478.47808837890625 -6.0166168212890625 516
      vertex 478.75 -5.83493709564209 515
      vertex 478.47808837890625 -6.0166168212890625 515
    endloop
  endfacet
  facet normal -0.32143905823127156 -0.9469302676772948 0
    outer loop
      vertex 479.0433044433594 -10.309699058532715 499
      vertex 479.35296630859375 -10.414814949035645 500
      vertex 479.0433044433594 -10.309699058532715 500
    endloop
  endfacet
  facet normal -0.32143905823127156 -0.9469302676772948 0
    outer loop
      vertex 479.35296630859375 -10.414814949035645 500
      vertex 479.0433044433594 -10.309699058532715 499
      vertex 479.35296630859375 -10.414814949035645 499
    endloop
  endfacet
  facet normal -0.32143905823127156 -0.9469302676772948 0
    outer loop
      vertex 479.0433044433594 -10.309699058532715 515
      vertex 479.35296630859375 -10.414814949035645 516
      vertex 479.0433044433594 -10.309699058532715 516
    endloop
  endfacet
  facet normal -0.32143905823127156 -0.9469302676772948 0
    outer loop
      vertex 479.35296630859375 -10.414814949035645 516
      vertex 479.0433044433594 -10.309699058532715 515
      vertex 479.35296630859375 -10.414814949035645 515
    endloop
  endfacet
  facet normal 0.831482744054364 -0.5555505794613349 0
    outer loop
      vertex 481.9833984375 -9.521903991699219 516
      vertex 482.1650695800781 -9.25 515
      vertex 482.1650695800781 -9.25 516
    endloop
  endfacet
  facet normal 0.831482744054364 -0.5555505794613349 0
    outer loop
      vertex 482.1650695800781 -9.25 515
      vertex 481.9833984375 -9.521903991699219 516
      vertex 481.9833984375 -9.521903991699219 515
    endloop
  endfacet
  facet normal 0.831482744054364 -0.5555505794613349 0
    outer loop
      vertex 481.9833984375 -9.521903991699219 500
      vertex 482.1650695800781 -9.25 499
      vertex 482.1650695800781 -9.25 500
    endloop
  endfacet
  facet normal 0.831482744054364 -0.5555505794613349 0
    outer loop
      vertex 482.1650695800781 -9.25 499
      vertex 481.9833984375 -9.521903991699219 500
      vertex 481.9833984375 -9.521903991699219 499
    endloop
  endfacet
  facet normal -0.8314818439631271 0.5555519266096357 0
    outer loop
      vertex 477.8349304199219 -6.75 499
      vertex 478.0166015625 -6.478096961975098 500
      vertex 478.0166015625 -6.478096961975098 499
    endloop
  endfacet
  facet normal -0.8314818439631271 0.5555519266096357 0
    outer loop
      vertex 478.0166015625 -6.478096961975098 500
      vertex 477.8349304199219 -6.75 499
      vertex 477.8349304199219 -6.75 500
    endloop
  endfacet
  facet normal -0.8314818439631271 0.5555519266096357 0
    outer loop
      vertex 477.8349304199219 -6.75 515
      vertex 478.0166015625 -6.478096961975098 516
      vertex 478.0166015625 -6.478096961975098 515
    endloop
  endfacet
  facet normal -0.8314818439631271 0.5555519266096357 0
    outer loop
      vertex 478.0166015625 -6.478096961975098 516
      vertex 477.8349304199219 -6.75 515
      vertex 477.8349304199219 -6.75 516
    endloop
  endfacet
  facet normal 0.06540196793025188 0.997858999353541 0
    outer loop
      vertex 480.3263244628906 -5.521388053894043 499
      vertex 480 -5.5 500
      vertex 480.3263244628906 -5.521388053894043 500
    endloop
  endfacet
  facet normal 0.06540196793025188 0.997858999353541 0
    outer loop
      vertex 480 -5.5 500
      vertex 480.3263244628906 -5.521388053894043 499
      vertex 480 -5.5 499
    endloop
  endfacet
  facet normal 0.06540196793025188 0.997858999353541 0
    outer loop
      vertex 480.3263244628906 -5.521388053894043 515
      vertex 480 -5.5 516
      vertex 480.3263244628906 -5.521388053894043 516
    endloop
  endfacet
  facet normal 0.06540196793025188 0.997858999353541 0
    outer loop
      vertex 480 -5.5 516
      vertex 480.3263244628906 -5.521388053894043 515
      vertex 480 -5.5 515
    endloop
  endfacet
  facet normal 0.5555579482665354 0.8314778205808485 0
    outer loop
      vertex 481.52191162109375 -6.0166168212890625 499
      vertex 481.25 -5.83493709564209 500
      vertex 481.52191162109375 -6.0166168212890625 500
    endloop
  endfacet
  facet normal 0.5555579482665354 0.8314778205808485 0
    outer loop
      vertex 481.25 -5.83493709564209 500
      vertex 481.52191162109375 -6.0166168212890625 499
      vertex 481.25 -5.83493709564209 499
    endloop
  endfacet
  facet normal 0.5555579482665354 0.8314778205808485 0
    outer loop
      vertex 481.52191162109375 -6.0166168212890625 515
      vertex 481.25 -5.83493709564209 516
      vertex 481.52191162109375 -6.0166168212890625 516
    endloop
  endfacet
  facet normal 0.5555579482665354 0.8314778205808485 0
    outer loop
      vertex 481.25 -5.83493709564209 516
      vertex 481.52191162109375 -6.0166168212890625 515
      vertex 481.25 -5.83493709564209 515
    endloop
  endfacet
  facet normal 0.5555579482665354 -0.8314778205808485 0
    outer loop
      vertex 481.25 -10.165063858032227 499
      vertex 481.52191162109375 -9.983384132385254 500
      vertex 481.25 -10.165063858032227 500
    endloop
  endfacet
  facet normal 0.5555579482665354 -0.8314778205808485 0
    outer loop
      vertex 481.52191162109375 -9.983384132385254 500
      vertex 481.25 -10.165063858032227 499
      vertex 481.52191162109375 -9.983384132385254 499
    endloop
  endfacet
  facet normal 0.5555579482665354 -0.8314778205808485 0
    outer loop
      vertex 481.25 -10.165063858032227 515
      vertex 481.52191162109375 -9.983384132385254 516
      vertex 481.25 -10.165063858032227 516
    endloop
  endfacet
  facet normal 0.5555579482665354 -0.8314778205808485 0
    outer loop
      vertex 481.52191162109375 -9.983384132385254 516
      vertex 481.25 -10.165063858032227 515
      vertex 481.52191162109375 -9.983384132385254 515
    endloop
  endfacet
  facet normal -0.44227259360148463 -0.8968806793264175 0
    outer loop
      vertex 478.75 -10.165063858032227 499
      vertex 479.0433044433594 -10.309699058532715 500
      vertex 478.75 -10.165063858032227 500
    endloop
  endfacet
  facet normal -0.44227259360148463 -0.8968806793264175 0
    outer loop
      vertex 479.0433044433594 -10.309699058532715 500
      vertex 478.75 -10.165063858032227 499
      vertex 479.0433044433594 -10.309699058532715 499
    endloop
  endfacet
  facet normal -0.44227259360148463 -0.8968806793264175 0
    outer loop
      vertex 478.75 -10.165063858032227 515
      vertex 479.0433044433594 -10.309699058532715 516
      vertex 478.75 -10.165063858032227 516
    endloop
  endfacet
  facet normal -0.44227259360148463 -0.8968806793264175 0
    outer loop
      vertex 479.0433044433594 -10.309699058532715 516
      vertex 478.75 -10.165063858032227 515
      vertex 479.0433044433594 -10.309699058532715 515
    endloop
  endfacet
  facet normal 0.32143905823127156 0.9469302676772948 0
    outer loop
      vertex 480.9566955566406 -5.690301895141602 499
      vertex 480.64703369140625 -5.585186004638672 500
      vertex 480.9566955566406 -5.690301895141602 500
    endloop
  endfacet
  facet normal 0.32143905823127156 0.9469302676772948 0
    outer loop
      vertex 480.64703369140625 -5.585186004638672 500
      vertex 480.9566955566406 -5.690301895141602 499
      vertex 480.64703369140625 -5.585186004638672 499
    endloop
  endfacet
  facet normal 0.32143905823127156 0.9469302676772948 0
    outer loop
      vertex 480.9566955566406 -5.690301895141602 515
      vertex 480.64703369140625 -5.585186004638672 516
      vertex 480.9566955566406 -5.690301895141602 516
    endloop
  endfacet
  facet normal 0.32143905823127156 0.9469302676772948 0
    outer loop
      vertex 480.64703369140625 -5.585186004638672 516
      vertex 480.9566955566406 -5.690301895141602 515
      vertex 480.64703369140625 -5.585186004638672 515
    endloop
  endfacet
  facet normal -0.7518089732175759 0.6593809731782788 0
    outer loop
      vertex 478.0166015625 -6.478096961975098 499
      vertex 478.23223876953125 -6.232233047485352 500
      vertex 478.23223876953125 -6.232233047485352 499
    endloop
  endfacet
  facet normal -0.7518089732175759 0.6593809731782788 0
    outer loop
      vertex 478.23223876953125 -6.232233047485352 500
      vertex 478.0166015625 -6.478096961975098 499
      vertex 478.0166015625 -6.478096961975098 500
    endloop
  endfacet
  facet normal -0.7518089732175759 0.6593809731782788 0
    outer loop
      vertex 478.0166015625 -6.478096961975098 515
      vertex 478.23223876953125 -6.232233047485352 516
      vertex 478.23223876953125 -6.232233047485352 515
    endloop
  endfacet
  facet normal -0.7518089732175759 0.6593809731782788 0
    outer loop
      vertex 478.23223876953125 -6.232233047485352 516
      vertex 478.0166015625 -6.478096961975098 515
      vertex 478.0166015625 -6.478096961975098 516
    endloop
  endfacet
  facet normal 0.06539906418766284 -0.9978591896672486 0
    outer loop
      vertex 480 -10.5 515
      vertex 480.3263244628906 -10.478612899780273 516
      vertex 480 -10.5 516
    endloop
  endfacet
  facet normal 0.06539906418766284 -0.9978591896672486 0
    outer loop
      vertex 480.3263244628906 -10.478612899780273 516
      vertex 480 -10.5 515
      vertex 480.3263244628906 -10.478612899780273 515
    endloop
  endfacet
  facet normal 0.06539906418766284 -0.9978591896672486 0
    outer loop
      vertex 480 -10.5 499
      vertex 480.3263244628906 -10.478612899780273 500
      vertex 480 -10.5 500
    endloop
  endfacet
  facet normal 0.06539906418766284 -0.9978591896672486 0
    outer loop
      vertex 480.3263244628906 -10.478612899780273 500
      vertex 480 -10.5 499
      vertex 480.3263244628906 -10.478612899780273 499
    endloop
  endfacet
  facet normal 0.7518089732175759 0.6593809731782788 0
    outer loop
      vertex 481.9833984375 -6.478096961975098 516
      vertex 481.76776123046875 -6.232233047485352 515
      vertex 481.76776123046875 -6.232233047485352 516
    endloop
  endfacet
  facet normal 0.7518089732175759 0.6593809731782788 0
    outer loop
      vertex 481.76776123046875 -6.232233047485352 515
      vertex 481.9833984375 -6.478096961975098 516
      vertex 481.9833984375 -6.478096961975098 515
    endloop
  endfacet
  facet normal 0.7518089732175759 0.6593809731782788 0
    outer loop
      vertex 481.9833984375 -6.478096961975098 500
      vertex 481.76776123046875 -6.232233047485352 499
      vertex 481.76776123046875 -6.232233047485352 500
    endloop
  endfacet
  facet normal 0.7518089732175759 0.6593809731782788 0
    outer loop
      vertex 481.76776123046875 -6.232233047485352 499
      vertex 481.9833984375 -6.478096961975098 500
      vertex 481.9833984375 -6.478096961975098 499
    endloop
  endfacet
  facet normal 0.44227259360148463 -0.8968806793264175 0
    outer loop
      vertex 480.9566955566406 -10.309699058532715 515
      vertex 481.25 -10.165063858032227 516
      vertex 480.9566955566406 -10.309699058532715 516
    endloop
  endfacet
  facet normal 0.44227259360148463 -0.8968806793264175 0
    outer loop
      vertex 481.25 -10.165063858032227 516
      vertex 480.9566955566406 -10.309699058532715 515
      vertex 481.25 -10.165063858032227 515
    endloop
  endfacet
  facet normal 0.44227259360148463 -0.8968806793264175 0
    outer loop
      vertex 480.9566955566406 -10.309699058532715 499
      vertex 481.25 -10.165063858032227 500
      vertex 480.9566955566406 -10.309699058532715 500
    endloop
  endfacet
  facet normal 0.44227259360148463 -0.8968806793264175 0
    outer loop
      vertex 481.25 -10.165063858032227 500
      vertex 480.9566955566406 -10.309699058532715 499
      vertex 481.25 -10.165063858032227 499
    endloop
  endfacet
  facet normal -0.831482744054364 -0.5555505794613349 0
    outer loop
      vertex 478.0166015625 -9.521903991699219 515
      vertex 477.8349304199219 -9.25 516
      vertex 477.8349304199219 -9.25 515
    endloop
  endfacet
  facet normal -0.831482744054364 -0.5555505794613349 0
    outer loop
      vertex 477.8349304199219 -9.25 516
      vertex 478.0166015625 -9.521903991699219 515
      vertex 478.0166015625 -9.521903991699219 516
    endloop
  endfacet
  facet normal -0.831482744054364 -0.5555505794613349 0
    outer loop
      vertex 478.0166015625 -9.521903991699219 499
      vertex 477.8349304199219 -9.25 500
      vertex 477.8349304199219 -9.25 499
    endloop
  endfacet
  facet normal -0.831482744054364 -0.5555505794613349 0
    outer loop
      vertex 477.8349304199219 -9.25 500
      vertex 478.0166015625 -9.521903991699219 499
      vertex 478.0166015625 -9.521903991699219 500
    endloop
  endfacet
  facet normal -0.06539906418766284 -0.9978591896672486 0
    outer loop
      vertex 479.6736755371094 -10.478612899780273 499
      vertex 480 -10.5 500
      vertex 479.6736755371094 -10.478612899780273 500
    endloop
  endfacet
  facet normal -0.06539906418766284 -0.9978591896672486 0
    outer loop
      vertex 480 -10.5 500
      vertex 479.6736755371094 -10.478612899780273 499
      vertex 480 -10.5 499
    endloop
  endfacet
  facet normal -0.06539906418766284 -0.9978591896672486 0
    outer loop
      vertex 479.6736755371094 -10.478612899780273 515
      vertex 480 -10.5 516
      vertex 479.6736755371094 -10.478612899780273 516
    endloop
  endfacet
  facet normal -0.06539906418766284 -0.9978591896672486 0
    outer loop
      vertex 480 -10.5 516
      vertex 479.6736755371094 -10.478612899780273 515
      vertex 480 -10.5 515
    endloop
  endfacet
  facet normal -0.32143905823127156 0.9469302676772948 0
    outer loop
      vertex 479.35296630859375 -5.585186004638672 499
      vertex 479.0433044433594 -5.690301895141602 500
      vertex 479.35296630859375 -5.585186004638672 500
    endloop
  endfacet
  facet normal -0.32143905823127156 0.9469302676772948 0
    outer loop
      vertex 479.0433044433594 -5.690301895141602 500
      vertex 479.35296630859375 -5.585186004638672 499
      vertex 479.0433044433594 -5.690301895141602 499
    endloop
  endfacet
  facet normal -0.32143905823127156 0.9469302676772948 0
    outer loop
      vertex 479.35296630859375 -5.585186004638672 515
      vertex 479.0433044433594 -5.690301895141602 516
      vertex 479.35296630859375 -5.585186004638672 516
    endloop
  endfacet
  facet normal -0.32143905823127156 0.9469302676772948 0
    outer loop
      vertex 479.0433044433594 -5.690301895141602 516
      vertex 479.35296630859375 -5.585186004638672 515
      vertex 479.0433044433594 -5.690301895141602 515
    endloop
  endfacet
  facet normal -0.9978579353403478 -0.06541819990108538 0
    outer loop
      vertex 477.5213928222656 -8.326315879821777 515
      vertex 477.5 -8 516
      vertex 477.5 -8 515
    endloop
  endfacet
  facet normal -0.9978579353403478 -0.06541819990108538 0
    outer loop
      vertex 477.5 -8 516
      vertex 477.5213928222656 -8.326315879821777 515
      vertex 477.5213928222656 -8.326315879821777 516
    endloop
  endfacet
  facet normal -0.9978579353403478 -0.06541819990108538 0
    outer loop
      vertex 477.5213928222656 -8.326315879821777 499
      vertex 477.5 -8 500
      vertex 477.5 -8 499
    endloop
  endfacet
  facet normal -0.9978579353403478 -0.06541819990108538 0
    outer loop
      vertex 477.5 -8 500
      vertex 477.5213928222656 -8.326315879821777 499
      vertex 477.5213928222656 -8.326315879821777 500
    endloop
  endfacet
  facet normal -0.9978579228599144 0.06541839027137003 0
    outer loop
      vertex 477.5 -8 515
      vertex 477.5213928222656 -7.673685073852539 516
      vertex 477.5213928222656 -7.673685073852539 515
    endloop
  endfacet
  facet normal -0.9978579228599144 0.06541839027137003 0
    outer loop
      vertex 477.5213928222656 -7.673685073852539 516
      vertex 477.5 -8 515
      vertex 477.5 -8 516
    endloop
  endfacet
  facet normal -0.9978579228599144 0.06541839027137003 0
    outer loop
      vertex 477.5 -8 499
      vertex 477.5213928222656 -7.673685073852539 500
      vertex 477.5213928222656 -7.673685073852539 499
    endloop
  endfacet
  facet normal -0.9978579228599144 0.06541839027137003 0
    outer loop
      vertex 477.5213928222656 -7.673685073852539 500
      vertex 477.5 -8 499
      vertex 477.5 -8 500
    endloop
  endfacet
  facet normal -0.6593663944918402 -0.7518217593384956 0
    outer loop
      vertex 478.23223876953125 -9.767767906188965 515
      vertex 478.47808837890625 -9.983384132385254 516
      vertex 478.23223876953125 -9.767767906188965 516
    endloop
  endfacet
  facet normal -0.6593663944918402 -0.7518217593384956 0
    outer loop
      vertex 478.47808837890625 -9.983384132385254 516
      vertex 478.23223876953125 -9.767767906188965 515
      vertex 478.47808837890625 -9.983384132385254 515
    endloop
  endfacet
  facet normal -0.6593663944918402 -0.7518217593384956 0
    outer loop
      vertex 478.23223876953125 -9.767767906188965 499
      vertex 478.47808837890625 -9.983384132385254 500
      vertex 478.23223876953125 -9.767767906188965 500
    endloop
  endfacet
  facet normal -0.6593663944918402 -0.7518217593384956 0
    outer loop
      vertex 478.47808837890625 -9.983384132385254 500
      vertex 478.23223876953125 -9.767767906188965 499
      vertex 478.47808837890625 -9.983384132385254 499
    endloop
  endfacet
  facet normal -0.5555579482665354 -0.8314778205808485 0
    outer loop
      vertex 478.47808837890625 -9.983384132385254 515
      vertex 478.75 -10.165063858032227 516
      vertex 478.47808837890625 -9.983384132385254 516
    endloop
  endfacet
  facet normal -0.5555579482665354 -0.8314778205808485 0
    outer loop
      vertex 478.75 -10.165063858032227 516
      vertex 478.47808837890625 -9.983384132385254 515
      vertex 478.75 -10.165063858032227 515
    endloop
  endfacet
  facet normal -0.5555579482665354 -0.8314778205808485 0
    outer loop
      vertex 478.47808837890625 -9.983384132385254 499
      vertex 478.75 -10.165063858032227 500
      vertex 478.47808837890625 -9.983384132385254 500
    endloop
  endfacet
  facet normal -0.5555579482665354 -0.8314778205808485 0
    outer loop
      vertex 478.75 -10.165063858032227 500
      vertex 478.47808837890625 -9.983384132385254 499
      vertex 478.75 -10.165063858032227 499
    endloop
  endfacet
  facet normal 0.44227259360148463 0.8968806793264175 0
    outer loop
      vertex 481.25 -5.83493709564209 515
      vertex 480.9566955566406 -5.690301895141602 516
      vertex 481.25 -5.83493709564209 516
    endloop
  endfacet
  facet normal 0.44227259360148463 0.8968806793264175 0
    outer loop
      vertex 480.9566955566406 -5.690301895141602 516
      vertex 481.25 -5.83493709564209 515
      vertex 480.9566955566406 -5.690301895141602 515
    endloop
  endfacet
  facet normal 0.44227259360148463 0.8968806793264175 0
    outer loop
      vertex 481.25 -5.83493709564209 499
      vertex 480.9566955566406 -5.690301895141602 500
      vertex 481.25 -5.83493709564209 500
    endloop
  endfacet
  facet normal 0.44227259360148463 0.8968806793264175 0
    outer loop
      vertex 480.9566955566406 -5.690301895141602 500
      vertex 481.25 -5.83493709564209 499
      vertex 480.9566955566406 -5.690301895141602 499
    endloop
  endfacet
  facet normal 0.8314818439631271 0.5555519266096357 0
    outer loop
      vertex 482.1650695800781 -6.75 516
      vertex 481.9833984375 -6.478096961975098 515
      vertex 481.9833984375 -6.478096961975098 516
    endloop
  endfacet
  facet normal 0.8314818439631271 0.5555519266096357 0
    outer loop
      vertex 481.9833984375 -6.478096961975098 515
      vertex 482.1650695800781 -6.75 516
      vertex 482.1650695800781 -6.75 515
    endloop
  endfacet
  facet normal 0.8314818439631271 0.5555519266096357 0
    outer loop
      vertex 482.1650695800781 -6.75 500
      vertex 481.9833984375 -6.478096961975098 499
      vertex 481.9833984375 -6.478096961975098 500
    endloop
  endfacet
  facet normal 0.8314818439631271 0.5555519266096357 0
    outer loop
      vertex 481.9833984375 -6.478096961975098 499
      vertex 482.1650695800781 -6.75 500
      vertex 482.1650695800781 -6.75 499
    endloop
  endfacet
  facet normal -0.19510479216230248 -0.9807824020012313 0
    outer loop
      vertex 479.35296630859375 -10.414814949035645 499
      vertex 479.6736755371094 -10.478612899780273 500
      vertex 479.35296630859375 -10.414814949035645 500
    endloop
  endfacet
  facet normal -0.19510479216230248 -0.9807824020012313 0
    outer loop
      vertex 479.6736755371094 -10.478612899780273 500
      vertex 479.35296630859375 -10.414814949035645 499
      vertex 479.6736755371094 -10.478612899780273 499
    endloop
  endfacet
  facet normal -0.19510479216230248 -0.9807824020012313 0
    outer loop
      vertex 479.35296630859375 -10.414814949035645 515
      vertex 479.6736755371094 -10.478612899780273 516
      vertex 479.35296630859375 -10.414814949035645 516
    endloop
  endfacet
  facet normal -0.19510479216230248 -0.9807824020012313 0
    outer loop
      vertex 479.6736755371094 -10.478612899780273 516
      vertex 479.35296630859375 -10.414814949035645 515
      vertex 479.6736755371094 -10.478612899780273 515
    endloop
  endfacet
  facet normal 0.19510479216230248 0.9807824020012313 0
    outer loop
      vertex 480.64703369140625 -5.585186004638672 515
      vertex 480.3263244628906 -5.521388053894043 516
      vertex 480.64703369140625 -5.585186004638672 516
    endloop
  endfacet
  facet normal 0.19510479216230248 0.9807824020012313 0
    outer loop
      vertex 480.3263244628906 -5.521388053894043 516
      vertex 480.64703369140625 -5.585186004638672 515
      vertex 480.3263244628906 -5.521388053894043 515
    endloop
  endfacet
  facet normal 0.19510479216230248 0.9807824020012313 0
    outer loop
      vertex 480.64703369140625 -5.585186004638672 499
      vertex 480.3263244628906 -5.521388053894043 500
      vertex 480.64703369140625 -5.585186004638672 500
    endloop
  endfacet
  facet normal 0.19510479216230248 0.9807824020012313 0
    outer loop
      vertex 480.3263244628906 -5.521388053894043 500
      vertex 480.64703369140625 -5.585186004638672 499
      vertex 480.3263244628906 -5.521388053894043 499
    endloop
  endfacet
  facet normal 0 0 -1
    outer loop
      vertex 482.4786071777344 -8.326315879821777 499
      vertex 482.4786071777344 -7.673685073852539 499
      vertex 482.5 -8 499
    endloop
  endfacet
  facet normal 0 0 -1
    outer loop
      vertex 482.4148254394531 -8.647047996520996 499
      vertex 482.4786071777344 -7.673685073852539 499
      vertex 482.4786071777344 -8.326315879821777 499
    endloop
  endfacet
  facet normal 0 0 -1
    outer loop
      vertex 482.4148254394531 -8.647047996520996 499
      vertex 482.4148254394531 -7.35295295715332 499
      vertex 482.4786071777344 -7.673685073852539 499
    endloop
  endfacet
  facet normal 0 0 -1
    outer loop
      vertex 482.3096923828125 -8.956708908081055 499
      vertex 482.4148254394531 -7.35295295715332 499
      vertex 482.4148254394531 -8.647047996520996 499
    endloop
  endfacet
  facet normal 0 0 -1
    outer loop
      vertex 482.3096923828125 -8.956708908081055 499
      vertex 482.3096923828125 -7.043292045593262 499
      vertex 482.4148254394531 -7.35295295715332 499
    endloop
  endfacet
  facet normal 0 0 -1
    outer loop
      vertex 482.1650695800781 -9.25 499
      vertex 482.3096923828125 -7.043292045593262 499
      vertex 482.3096923828125 -8.956708908081055 499
    endloop
  endfacet
  facet normal 0 0 -1
    outer loop
      vertex 482.1650695800781 -9.25 499
      vertex 482.1650695800781 -6.75 499
      vertex 482.3096923828125 -7.043292045593262 499
    endloop
  endfacet
  facet normal 0 0 -1
    outer loop
      vertex 481.9833984375 -9.521903991699219 499
      vertex 482.1650695800781 -6.75 499
      vertex 482.1650695800781 -9.25 499
    endloop
  endfacet
  facet normal 0 0 -1
    outer loop
      vertex 481.9833984375 -9.521903991699219 499
      vertex 481.9833984375 -6.478096961975098 499
      vertex 482.1650695800781 -6.75 499
    endloop
  endfacet
  facet normal 0 0 -1
    outer loop
      vertex 481.76776123046875 -9.767767906188965 499
      vertex 481.9833984375 -6.478096961975098 499
      vertex 481.9833984375 -9.521903991699219 499
    endloop
  endfacet
  facet normal 0 0 -1
    outer loop
      vertex 481.76776123046875 -9.767767906188965 499
      vertex 481.76776123046875 -6.232233047485352 499
      vertex 481.9833984375 -6.478096961975098 499
    endloop
  endfacet
  facet normal 0 0 -1
    outer loop
      vertex 481.52191162109375 -9.983384132385254 499
      vertex 481.76776123046875 -6.232233047485352 499
      vertex 481.76776123046875 -9.767767906188965 499
    endloop
  endfacet
  facet normal 0 0 -1
    outer loop
      vertex 481.52191162109375 -9.983384132385254 499
      vertex 481.52191162109375 -6.0166168212890625 499
      vertex 481.76776123046875 -6.232233047485352 499
    endloop
  endfacet
  facet normal 0 0 -1
    outer loop
      vertex 481.25 -10.165063858032227 499
      vertex 481.52191162109375 -6.0166168212890625 499
      vertex 481.52191162109375 -9.983384132385254 499
    endloop
  endfacet
  facet normal 0 0 -1
    outer loop
      vertex 481.25 -10.165063858032227 499
      vertex 481.25 -5.83493709564209 499
      vertex 481.52191162109375 -6.0166168212890625 499
    endloop
  endfacet
  facet normal 0 0 -1
    outer loop
      vertex 480.9566955566406 -10.309699058532715 499
      vertex 481.25 -5.83493709564209 499
      vertex 481.25 -10.165063858032227 499
    endloop
  endfacet
  facet normal 0 0 -1
    outer loop
      vertex 480.9566955566406 -10.309699058532715 499
      vertex 480.9566955566406 -5.690301895141602 499
      vertex 481.25 -5.83493709564209 499
    endloop
  endfacet
  facet normal 0 0 -1
    outer loop
      vertex 480.64703369140625 -10.414814949035645 499
      vertex 480.9566955566406 -5.690301895141602 499
      vertex 480.9566955566406 -10.309699058532715 499
    endloop
  endfacet
  facet normal 0 0 -1
    outer loop
      vertex 480.64703369140625 -10.414814949035645 499
      vertex 480.64703369140625 -5.585186004638672 499
      vertex 480.9566955566406 -5.690301895141602 499
    endloop
  endfacet
  facet normal 0 0 -1
    outer loop
      vertex 480.3263244628906 -10.478612899780273 499
      vertex 480.64703369140625 -5.585186004638672 499
      vertex 480.64703369140625 -10.414814949035645 499
    endloop
  endfacet
  facet normal 0 0 -1
    outer loop
      vertex 480.3263244628906 -10.478612899780273 499
      vertex 480.3263244628906 -5.521388053894043 499
      vertex 480.64703369140625 -5.585186004638672 499
    endloop
  endfacet
  facet normal 0 0 -1
    outer loop
      vertex 480 -10.5 499
      vertex 480.3263244628906 -5.521388053894043 499
      vertex 480.3263244628906 -10.478612899780273 499
    endloop
  endfacet
  facet normal 0 0 -1
    outer loop
      vertex 480 -10.5 499
      vertex 480 -5.5 499
      vertex 480.3263244628906 -5.521388053894043 499
    endloop
  endfacet
  facet normal 0 0 -1
    outer loop
      vertex 479.6736755371094 -10.478612899780273 499
      vertex 480 -5.5 499
      vertex 480 -10.5 499
    endloop
  endfacet
  facet normal 0 0 -1
    outer loop
      vertex 479.6736755371094 -10.478612899780273 499
      vertex 479.6736755371094 -5.521388053894043 499
      vertex 480 -5.5 499
    endloop
  endfacet
  facet normal 0 0 -1
    outer loop
      vertex 479.35296630859375 -10.414814949035645 499
      vertex 479.6736755371094 -5.521388053894043 499
      vertex 479.6736755371094 -10.478612899780273 499
    endloop
  endfacet
  facet normal 0 0 -1
    outer loop
      vertex 479.35296630859375 -10.414814949035645 499
      vertex 479.35296630859375 -5.585186004638672 499
      vertex 479.6736755371094 -5.521388053894043 499
    endloop
  endfacet
  facet normal 0 0 -1
    outer loop
      vertex 479.0433044433594 -10.309699058532715 499
      vertex 479.35296630859375 -5.585186004638672 499
      vertex 479.35296630859375 -10.414814949035645 499
    endloop
  endfacet
  facet normal 0 0 -1
    outer loop
      vertex 479.0433044433594 -10.309699058532715 499
      vertex 479.0433044433594 -5.690301895141602 499
      vertex 479.35296630859375 -5.585186004638672 499
    endloop
  endfacet
  facet normal 0 0 -1
    outer loop
      vertex 478.75 -10.165063858032227 499
      vertex 479.0433044433594 -5.690301895141602 499
      vertex 479.0433044433594 -10.309699058532715 499
    endloop
  endfacet
  facet normal 0 0 -1
    outer loop
      vertex 478.75 -10.165063858032227 499
      vertex 478.75 -5.83493709564209 499
      vertex 479.0433044433594 -5.690301895141602 499
    endloop
  endfacet
  facet normal 0 0 -1
    outer loop
      vertex 478.47808837890625 -9.983384132385254 499
      vertex 478.75 -5.83493709564209 499
      vertex 478.75 -10.165063858032227 499
    endloop
  endfacet
  facet normal 0 0 -1
    outer loop
      vertex 478.47808837890625 -9.983384132385254 499
      vertex 478.47808837890625 -6.0166168212890625 499
      vertex 478.75 -5.83493709564209 499
    endloop
  endfacet
  facet normal 0 0 -1
    outer loop
      vertex 478.23223876953125 -9.767767906188965 499
      vertex 478.47808837890625 -6.0166168212890625 499
      vertex 478.47808837890625 -9.983384132385254 499
    endloop
  endfacet
  facet normal 0 0 -1
    outer loop
      vertex 478.23223876953125 -9.767767906188965 499
      vertex 478.23223876953125 -6.232233047485352 499
      vertex 478.47808837890625 -6.0166168212890625 499
    endloop
  endfacet
  facet normal 0 0 -1
    outer loop
      vertex 478.0166015625 -9.521903991699219 499
      vertex 478.23223876953125 -6.232233047485352 499
      vertex 478.23223876953125 -9.767767906188965 499
    endloop
  endfacet
  facet normal 0 0 -1
    outer loop
      vertex 478.0166015625 -9.521903991699219 499
      vertex 478.0166015625 -6.478096961975098 499
      vertex 478.23223876953125 -6.232233047485352 499
    endloop
  endfacet
  facet normal 0 0 -1
    outer loop
      vertex 477.8349304199219 -9.25 499
      vertex 478.0166015625 -6.478096961975098 499
      vertex 478.0166015625 -9.521903991699219 499
    endloop
  endfacet
  facet normal 0 0 -1
    outer loop
      vertex 477.8349304199219 -9.25 499
      vertex 477.8349304199219 -6.75 499
      vertex 478.0166015625 -6.478096961975098 499
    endloop
  endfacet
  facet normal 0 0 -1
    outer loop
      vertex 477.6903076171875 -8.956708908081055 499
      vertex 477.8349304199219 -6.75 499
      vertex 477.8349304199219 -9.25 499
    endloop
  endfacet
  facet normal 0 0 -1
    outer loop
      vertex 477.6903076171875 -8.956708908081055 499
      vertex 477.6903076171875 -7.043292045593262 499
      vertex 477.8349304199219 -6.75 499
    endloop
  endfacet
  facet normal 0 0 -1
    outer loop
      vertex 477.5851745605469 -8.647047996520996 499
      vertex 477.6903076171875 -7.043292045593262 499
      vertex 477.6903076171875 -8.956708908081055 499
    endloop
  endfacet
  facet normal 0 0 -1
    outer loop
      vertex 477.5851745605469 -8.647047996520996 499
      vertex 477.5851745605469 -7.35295295715332 499
      vertex 477.6903076171875 -7.043292045593262 499
    endloop
  endfacet
  facet normal 0 0 -1
    outer loop
      vertex 477.5213928222656 -8.326315879821777 499
      vertex 477.5851745605469 -7.35295295715332 499
      vertex 477.5851745605469 -8.647047996520996 499
    endloop
  endfacet
  facet normal 0 0 -1
    outer loop
      vertex 477.5213928222656 -8.326315879821777 499
      vertex 477.5213928222656 -7.673685073852539 499
      vertex 477.5851745605469 -7.35295295715332 499
    endloop
  endfacet
  facet normal 0 0 -1
    outer loop
      vertex 477.5213928222656 -7.673685073852539 499
      vertex 477.5213928222656 -8.326315879821777 499
      vertex 477.5 -8 499
    endloop
  endfacet
  facet normal -0.06540805866887271 0.9978586001338914 0
    outer loop
      vertex 520 -5.5 499
      vertex 519.6737060546875 -5.521388053894043 500
      vertex 520 -5.5 500
    endloop
  endfacet
  facet normal -0.06540805866887271 0.9978586001338914 0
    outer loop
      vertex 519.6737060546875 -5.521388053894043 500
      vertex 520 -5.5 499
      vertex 519.6737060546875 -5.521388053894043 499
    endloop
  endfacet
  facet normal -0.06540805866887271 0.9978586001338914 0
    outer loop
      vertex 520 -5.5 515
      vertex 519.6737060546875 -5.521388053894043 516
      vertex 520 -5.5 516
    endloop
  endfacet
  facet normal -0.06540805866887271 0.9978586001338914 0
    outer loop
      vertex 519.6737060546875 -5.521388053894043 516
      vertex 520 -5.5 515
      vertex 519.6737060546875 -5.521388053894043 515
    endloop
  endfacet
  facet normal 0.9978640104372933 0.06532546726967428 0
    outer loop
      vertex 522.5 -8 516
      vertex 522.4786376953125 -7.673685073852539 515
      vertex 522.4786376953125 -7.673685073852539 516
    endloop
  endfacet
  facet normal 0.9978640104372933 0.06532546726967428 0
    outer loop
      vertex 522.4786376953125 -7.673685073852539 515
      vertex 522.5 -8 516
      vertex 522.5 -8 515
    endloop
  endfacet
  facet normal 0.9978640104372933 0.06532546726967428 0
    outer loop
      vertex 522.5 -8 500
      vertex 522.4786376953125 -7.673685073852539 499
      vertex 522.4786376953125 -7.673685073852539 500
    endloop
  endfacet
  facet normal 0.9978640104372933 0.06532546726967428 0
    outer loop
      vertex 522.4786376953125 -7.673685073852539 499
      vertex 522.5 -8 500
      vertex 522.5 -8 499
    endloop
  endfacet
  facet normal 0.9469423931264883 -0.32140333554566486 0
    outer loop
      vertex 522.3096923828125 -8.956708908081055 500
      vertex 522.414794921875 -8.647047996520996 499
      vertex 522.414794921875 -8.647047996520996 500
    endloop
  endfacet
  facet normal 0.9469423931264883 -0.32140333554566486 0
    outer loop
      vertex 522.414794921875 -8.647047996520996 499
      vertex 522.3096923828125 -8.956708908081055 500
      vertex 522.3096923828125 -8.956708908081055 499
    endloop
  endfacet
  facet normal 0.9469423931264883 -0.32140333554566486 0
    outer loop
      vertex 522.3096923828125 -8.956708908081055 516
      vertex 522.414794921875 -8.647047996520996 515
      vertex 522.414794921875 -8.647047996520996 516
    endloop
  endfacet
  facet normal 0.9469423931264883 -0.32140333554566486 0
    outer loop
      vertex 522.414794921875 -8.647047996520996 515
      vertex 522.3096923828125 -8.956708908081055 516
      vertex 522.3096923828125 -8.956708908081055 515
    endloop
  endfacet
  facet normal 0 0 1
    outer loop
      vertex 522.4786376953125 -7.673685073852539 516
      vertex 522.4786376953125 -8.326315879821777 516
      vertex 522.5 -8 516
    endloop
  endfacet
  facet normal 0 0 1
    outer loop
      vertex 522.414794921875 -7.35295295715332 516
      vertex 522.4786376953125 -8.326315879821777 516
      vertex 522.4786376953125 -7.673685073852539 516
    endloop
  endfacet
  facet normal 0 0 1
    outer loop
      vertex 522.414794921875 -7.35295295715332 516
      vertex 522.414794921875 -8.647047996520996 516
      vertex 522.4786376953125 -8.326315879821777 516
    endloop
  endfacet
  facet normal 0 0 1
    outer loop
      vertex 522.3096923828125 -7.043292045593262 516
      vertex 522.414794921875 -8.647047996520996 516
      vertex 522.414794921875 -7.35295295715332 516
    endloop
  endfacet
  facet normal 0 0 1
    outer loop
      vertex 522.3096923828125 -7.043292045593262 516
      vertex 522.3096923828125 -8.956708908081055 516
      vertex 522.414794921875 -8.647047996520996 516
    endloop
  endfacet
  facet normal 0 0 1
    outer loop
      vertex 522.1650390625 -6.75 516
      vertex 522.3096923828125 -8.956708908081055 516
      vertex 522.3096923828125 -7.043292045593262 516
    endloop
  endfacet
  facet normal 0 0 1
    outer loop
      vertex 522.1650390625 -6.75 516
      vertex 522.1650390625 -9.25 516
      vertex 522.3096923828125 -8.956708908081055 516
    endloop
  endfacet
  facet normal 0 0 1
    outer loop
      vertex 521.9833984375 -6.478096961975098 516
      vertex 522.1650390625 -9.25 516
      vertex 522.1650390625 -6.75 516
    endloop
  endfacet
  facet normal 0 0 1
    outer loop
      vertex 521.9833984375 -6.478096961975098 516
      vertex 521.9833984375 -9.521903991699219 516
      vertex 522.1650390625 -9.25 516
    endloop
  endfacet
  facet normal 0 0 1
    outer loop
      vertex 521.7677612304688 -6.232233047485352 516
      vertex 521.9833984375 -9.521903991699219 516
      vertex 521.9833984375 -6.478096961975098 516
    endloop
  endfacet
  facet normal 0 0 1
    outer loop
      vertex 521.7677612304688 -6.232233047485352 516
      vertex 521.7677612304688 -9.767767906188965 516
      vertex 521.9833984375 -9.521903991699219 516
    endloop
  endfacet
  facet normal 0 0 1
    outer loop
      vertex 521.5219116210938 -6.0166168212890625 516
      vertex 521.7677612304688 -9.767767906188965 516
      vertex 521.7677612304688 -6.232233047485352 516
    endloop
  endfacet
  facet normal 0 0 1
    outer loop
      vertex 521.5219116210938 -6.0166168212890625 516
      vertex 521.5219116210938 -9.983384132385254 516
      vertex 521.7677612304688 -9.767767906188965 516
    endloop
  endfacet
  facet normal 0 0 1
    outer loop
      vertex 521.25 -5.83493709564209 516
      vertex 521.5219116210938 -9.983384132385254 516
      vertex 521.5219116210938 -6.0166168212890625 516
    endloop
  endfacet
  facet normal 0 0 1
    outer loop
      vertex 521.25 -5.83493709564209 516
      vertex 521.25 -10.165063858032227 516
      vertex 521.5219116210938 -9.983384132385254 516
    endloop
  endfacet
  facet normal 0 0 1
    outer loop
      vertex 520.9567260742188 -5.690301895141602 516
      vertex 521.25 -10.165063858032227 516
      vertex 521.25 -5.83493709564209 516
    endloop
  endfacet
  facet normal 0 0 1
    outer loop
      vertex 520.9567260742188 -5.690301895141602 516
      vertex 520.9567260742188 -10.309699058532715 516
      vertex 521.25 -10.165063858032227 516
    endloop
  endfacet
  facet normal 0 0 1
    outer loop
      vertex 520.6470336914062 -5.585186004638672 516
      vertex 520.9567260742188 -10.309699058532715 516
      vertex 520.9567260742188 -5.690301895141602 516
    endloop
  endfacet
  facet normal 0 0 1
    outer loop
      vertex 520.6470336914062 -5.585186004638672 516
      vertex 520.6470336914062 -10.414814949035645 516
      vertex 520.9567260742188 -10.309699058532715 516
    endloop
  endfacet
  facet normal 0 0 1
    outer loop
      vertex 520.3262939453125 -5.521388053894043 516
      vertex 520.6470336914062 -10.414814949035645 516
      vertex 520.6470336914062 -5.585186004638672 516
    endloop
  endfacet
  facet normal 0 0 1
    outer loop
      vertex 520.3262939453125 -5.521388053894043 516
      vertex 520.3262939453125 -10.478612899780273 516
      vertex 520.6470336914062 -10.414814949035645 516
    endloop
  endfacet
  facet normal 0 0 1
    outer loop
      vertex 520 -5.5 516
      vertex 520.3262939453125 -10.478612899780273 516
      vertex 520.3262939453125 -5.521388053894043 516
    endloop
  endfacet
  facet normal 0 0 1
    outer loop
      vertex 520 -5.5 516
      vertex 520 -10.5 516
      vertex 520.3262939453125 -10.478612899780273 516
    endloop
  endfacet
  facet normal 0 0 1
    outer loop
      vertex 519.6737060546875 -5.521388053894043 516
      vertex 520 -10.5 516
      vertex 520 -5.5 516
    endloop
  endfacet
  facet normal 0 0 1
    outer loop
      vertex 519.6737060546875 -5.521388053894043 516
      vertex 519.6737060546875 -10.478612899780273 516
      vertex 520 -10.5 516
    endloop
  endfacet
  facet normal 0 0 1
    outer loop
      vertex 519.3529663085938 -5.585186004638672 516
      vertex 519.6737060546875 -10.478612899780273 516
      vertex 519.6737060546875 -5.521388053894043 516
    endloop
  endfacet
  facet normal 0 0 1
    outer loop
      vertex 519.3529663085938 -5.585186004638672 516
      vertex 519.3529663085938 -10.414814949035645 516
      vertex 519.6737060546875 -10.478612899780273 516
    endloop
  endfacet
  facet normal 0 0 1
    outer loop
      vertex 519.0432739257812 -5.690301895141602 516
      vertex 519.3529663085938 -10.414814949035645 516
      vertex 519.3529663085938 -5.585186004638672 516
    endloop
  endfacet
  facet normal 0 0 1
    outer loop
      vertex 519.0432739257812 -5.690301895141602 516
      vertex 519.0432739257812 -10.309699058532715 516
      vertex 519.3529663085938 -10.414814949035645 516
    endloop
  endfacet
  facet normal 0 0 1
    outer loop
      vertex 518.75 -5.83493709564209 516
      vertex 519.0432739257812 -10.309699058532715 516
      vertex 519.0432739257812 -5.690301895141602 516
    endloop
  endfacet
  facet normal 0 0 1
    outer loop
      vertex 518.75 -5.83493709564209 516
      vertex 518.75 -10.165063858032227 516
      vertex 519.0432739257812 -10.309699058532715 516
    endloop
  endfacet
  facet normal 0 0 1
    outer loop
      vertex 518.4780883789062 -6.0166168212890625 516
      vertex 518.75 -10.165063858032227 516
      vertex 518.75 -5.83493709564209 516
    endloop
  endfacet
  facet normal 0 0 1
    outer loop
      vertex 518.4780883789062 -6.0166168212890625 516
      vertex 518.4780883789062 -9.983384132385254 516
      vertex 518.75 -10.165063858032227 516
    endloop
  endfacet
  facet normal 0 0 1
    outer loop
      vertex 518.2322387695312 -6.232233047485352 516
      vertex 518.4780883789062 -9.983384132385254 516
      vertex 518.4780883789062 -6.0166168212890625 516
    endloop
  endfacet
  facet normal 0 0 1
    outer loop
      vertex 518.2322387695312 -6.232233047485352 516
      vertex 518.2322387695312 -9.767767906188965 516
      vertex 518.4780883789062 -9.983384132385254 516
    endloop
  endfacet
  facet normal 0 0 1
    outer loop
      vertex 518.0166015625 -6.478096961975098 516
      vertex 518.2322387695312 -9.767767906188965 516
      vertex 518.2322387695312 -6.232233047485352 516
    endloop
  endfacet
  facet normal 0 0 1
    outer loop
      vertex 518.0166015625 -6.478096961975098 516
      vertex 518.0166015625 -9.521903991699219 516
      vertex 518.2322387695312 -9.767767906188965 516
    endloop
  endfacet
  facet normal 0 0 1
    outer loop
      vertex 517.8349609375 -6.75 516
      vertex 518.0166015625 -9.521903991699219 516
      vertex 518.0166015625 -6.478096961975098 516
    endloop
  endfacet
  facet normal 0 0 1
    outer loop
      vertex 517.8349609375 -6.75 516
      vertex 517.8349609375 -9.25 516
      vertex 518.0166015625 -9.521903991699219 516
    endloop
  endfacet
  facet normal 0 0 1
    outer loop
      vertex 517.6903076171875 -7.043292045593262 516
      vertex 517.8349609375 -9.25 516
      vertex 517.8349609375 -6.75 516
    endloop
  endfacet
  facet normal 0 0 1
    outer loop
      vertex 517.6903076171875 -7.043292045593262 516
      vertex 517.6903076171875 -8.956708908081055 516
      vertex 517.8349609375 -9.25 516
    endloop
  endfacet
  facet normal 0 0 1
    outer loop
      vertex 517.585205078125 -7.35295295715332 516
      vertex 517.6903076171875 -8.956708908081055 516
      vertex 517.6903076171875 -7.043292045593262 516
    endloop
  endfacet
  facet normal 0 0 1
    outer loop
      vertex 517.585205078125 -7.35295295715332 516
      vertex 517.585205078125 -8.647047996520996 516
      vertex 517.6903076171875 -8.956708908081055 516
    endloop
  endfacet
  facet normal 0 0 1
    outer loop
      vertex 517.5213623046875 -7.673685073852539 516
      vertex 517.585205078125 -8.647047996520996 516
      vertex 517.585205078125 -7.35295295715332 516
    endloop
  endfacet
  facet normal 0 0 1
    outer loop
      vertex 517.5213623046875 -7.673685073852539 516
      vertex 517.5213623046875 -8.326315879821777 516
      vertex 517.585205078125 -8.647047996520996 516
    endloop
  endfacet
  facet normal 0 0 1
    outer loop
      vertex 517.5213623046875 -8.326315879821777 516
      vertex 517.5213623046875 -7.673685073852539 516
      vertex 517.5 -8 516
    endloop
  endfacet
  facet normal 0.8968507126830533 -0.4423333575030257 0
    outer loop
      vertex 522.1650390625 -9.25 516
      vertex 522.3096923828125 -8.956708908081055 515
      vertex 522.3096923828125 -8.956708908081055 516
    endloop
  endfacet
  facet normal 0.8968507126830533 -0.4423333575030257 0
    outer loop
      vertex 522.3096923828125 -8.956708908081055 515
      vertex 522.1650390625 -9.25 516
      vertex 522.1650390625 -9.25 515
    endloop
  endfacet
  facet normal 0.8968507126830533 -0.4423333575030257 0
    outer loop
      vertex 522.1650390625 -9.25 500
      vertex 522.3096923828125 -8.956708908081055 499
      vertex 522.3096923828125 -8.956708908081055 500
    endloop
  endfacet
  facet normal 0.8968507126830533 -0.4423333575030257 0
    outer loop
      vertex 522.3096923828125 -8.956708908081055 499
      vertex 522.1650390625 -9.25 500
      vertex 522.1650390625 -9.25 499
    endloop
  endfacet
  facet normal 0.7518089732175759 -0.6593809731782788 0
    outer loop
      vertex 521.7677612304688 -9.767767906188965 516
      vertex 521.9833984375 -9.521903991699219 515
      vertex 521.9833984375 -9.521903991699219 516
    endloop
  endfacet
  facet normal 0.7518089732175759 -0.6593809731782788 0
    outer loop
      vertex 521.9833984375 -9.521903991699219 515
      vertex 521.7677612304688 -9.767767906188965 516
      vertex 521.7677612304688 -9.767767906188965 515
    endloop
  endfacet
  facet normal 0.7518089732175759 -0.6593809731782788 0
    outer loop
      vertex 521.7677612304688 -9.767767906188965 500
      vertex 521.9833984375 -9.521903991699219 499
      vertex 521.9833984375 -9.521903991699219 500
    endloop
  endfacet
  facet normal 0.7518089732175759 -0.6593809731782788 0
    outer loop
      vertex 521.9833984375 -9.521903991699219 499
      vertex 521.7677612304688 -9.767767906188965 500
      vertex 521.7677612304688 -9.767767906188965 499
    endloop
  endfacet
  facet normal 0.8968512832663472 0.4423322006179364 0
    outer loop
      vertex 522.3096923828125 -7.043292045593262 500
      vertex 522.1650390625 -6.75 499
      vertex 522.1650390625 -6.75 500
    endloop
  endfacet
  facet normal 0.8968512832663472 0.4423322006179364 0
    outer loop
      vertex 522.1650390625 -6.75 499
      vertex 522.3096923828125 -7.043292045593262 500
      vertex 522.3096923828125 -7.043292045593262 499
    endloop
  endfacet
  facet normal 0.8968512832663472 0.4423322006179364 0
    outer loop
      vertex 522.3096923828125 -7.043292045593262 516
      vertex 522.1650390625 -6.75 515
      vertex 522.1650390625 -6.75 516
    endloop
  endfacet
  facet normal 0.8968512832663472 0.4423322006179364 0
    outer loop
      vertex 522.1650390625 -6.75 515
      vertex 522.3096923828125 -7.043292045593262 516
      vertex 522.3096923828125 -7.043292045593262 515
    endloop
  endfacet
  facet normal 0.19508693498093582 -0.9807859541203393 0
    outer loop
      vertex 520.3262939453125 -10.478612899780273 499
      vertex 520.6470336914062 -10.414814949035645 500
      vertex 520.3262939453125 -10.478612899780273 500
    endloop
  endfacet
  facet normal 0.19508693498093582 -0.9807859541203393 0
    outer loop
      vertex 520.6470336914062 -10.414814949035645 500
      vertex 520.3262939453125 -10.478612899780273 499
      vertex 520.6470336914062 -10.414814949035645 499
    endloop
  endfacet
  facet normal 0.19508693498093582 -0.9807859541203393 0
    outer loop
      vertex 520.3262939453125 -10.478612899780273 515
      vertex 520.6470336914062 -10.414814949035645 516
      vertex 520.3262939453125 -10.478612899780273 516
    endloop
  endfacet
  facet normal 0.19508693498093582 -0.9807859541203393 0
    outer loop
      vertex 520.6470336914062 -10.414814949035645 516
      vertex 520.3262939453125 -10.478612899780273 515
      vertex 520.6470336914062 -10.414814949035645 515
    endloop
  endfacet
  facet normal -0.8968512832663472 0.4423322006179364 0
    outer loop
      vertex 517.6903076171875 -7.043292045593262 499
      vertex 517.8349609375 -6.75 500
      vertex 517.8349609375 -6.75 499
    endloop
  endfacet
  facet normal -0.8968512832663472 0.4423322006179364 0
    outer loop
      vertex 517.8349609375 -6.75 500
      vertex 517.6903076171875 -7.043292045593262 499
      vertex 517.6903076171875 -7.043292045593262 500
    endloop
  endfacet
  facet normal -0.8968512832663472 0.4423322006179364 0
    outer loop
      vertex 517.6903076171875 -7.043292045593262 515
      vertex 517.8349609375 -6.75 516
      vertex 517.8349609375 -6.75 515
    endloop
  endfacet
  facet normal -0.8968512832663472 0.4423322006179364 0
    outer loop
      vertex 517.8349609375 -6.75 516
      vertex 517.6903076171875 -7.043292045593262 515
      vertex 517.6903076171875 -7.043292045593262 516
    endloop
  endfacet
  facet normal 0.9807588314630741 0.19522324274323852 0
    outer loop
      vertex 522.4786376953125 -7.673685073852539 500
      vertex 522.414794921875 -7.35295295715332 499
      vertex 522.414794921875 -7.35295295715332 500
    endloop
  endfacet
  facet normal 0.9807588314630741 0.19522324274323852 0
    outer loop
      vertex 522.414794921875 -7.35295295715332 499
      vertex 522.4786376953125 -7.673685073852539 500
      vertex 522.4786376953125 -7.673685073852539 499
    endloop
  endfacet
  facet normal 0.9807588314630741 0.19522324274323852 0
    outer loop
      vertex 522.4786376953125 -7.673685073852539 516
      vertex 522.414794921875 -7.35295295715332 515
      vertex 522.414794921875 -7.35295295715332 516
    endloop
  endfacet
  facet normal 0.9807588314630741 0.19522324274323852 0
    outer loop
      vertex 522.414794921875 -7.35295295715332 515
      vertex 522.4786376953125 -7.673685073852539 516
      vertex 522.4786376953125 -7.673685073852539 515
    endloop
  endfacet
  facet normal 0.9469423931264883 0.32140333554566486 0
    outer loop
      vertex 522.414794921875 -7.35295295715332 500
      vertex 522.3096923828125 -7.043292045593262 499
      vertex 522.3096923828125 -7.043292045593262 500
    endloop
  endfacet
  facet normal 0.9469423931264883 0.32140333554566486 0
    outer loop
      vertex 522.3096923828125 -7.043292045593262 499
      vertex 522.414794921875 -7.35295295715332 500
      vertex 522.414794921875 -7.35295295715332 499
    endloop
  endfacet
  facet normal 0.9469423931264883 0.32140333554566486 0
    outer loop
      vertex 522.414794921875 -7.35295295715332 516
      vertex 522.3096923828125 -7.043292045593262 515
      vertex 522.3096923828125 -7.043292045593262 516
    endloop
  endfacet
  facet normal 0.9469423931264883 0.32140333554566486 0
    outer loop
      vertex 522.3096923828125 -7.043292045593262 515
      vertex 522.414794921875 -7.35295295715332 516
      vertex 522.414794921875 -7.35295295715332 515
    endloop
  endfacet
  facet normal -0.19508693498093582 0.9807859541203393 0
    outer loop
      vertex 519.6737060546875 -5.521388053894043 499
      vertex 519.3529663085938 -5.585186004638672 500
      vertex 519.6737060546875 -5.521388053894043 500
    endloop
  endfacet
  facet normal -0.19508693498093582 0.9807859541203393 0
    outer loop
      vertex 519.3529663085938 -5.585186004638672 500
      vertex 519.6737060546875 -5.521388053894043 499
      vertex 519.3529663085938 -5.585186004638672 499
    endloop
  endfacet
  facet normal -0.19508693498093582 0.9807859541203393 0
    outer loop
      vertex 519.6737060546875 -5.521388053894043 515
      vertex 519.3529663085938 -5.585186004638672 516
      vertex 519.6737060546875 -5.521388053894043 516
    endloop
  endfacet
  facet normal -0.19508693498093582 0.9807859541203393 0
    outer loop
      vertex 519.3529663085938 -5.585186004638672 516
      vertex 519.6737060546875 -5.521388053894043 515
      vertex 519.3529663085938 -5.585186004638672 515
    endloop
  endfacet
  facet normal -0.7518089732175759 -0.6593809731782788 0
    outer loop
      vertex 518.2322387695312 -9.767767906188965 515
      vertex 518.0166015625 -9.521903991699219 516
      vertex 518.0166015625 -9.521903991699219 515
    endloop
  endfacet
  facet normal -0.7518089732175759 -0.6593809731782788 0
    outer loop
      vertex 518.0166015625 -9.521903991699219 516
      vertex 518.2322387695312 -9.767767906188965 515
      vertex 518.2322387695312 -9.767767906188965 516
    endloop
  endfacet
  facet normal -0.7518089732175759 -0.6593809731782788 0
    outer loop
      vertex 518.2322387695312 -9.767767906188965 499
      vertex 518.0166015625 -9.521903991699219 500
      vertex 518.0166015625 -9.521903991699219 499
    endloop
  endfacet
  facet normal -0.7518089732175759 -0.6593809731782788 0
    outer loop
      vertex 518.0166015625 -9.521903991699219 500
      vertex 518.2322387695312 -9.767767906188965 499
      vertex 518.2322387695312 -9.767767906188965 500
    endloop
  endfacet
  facet normal -0.9469423931264883 -0.32140333554566486 0
    outer loop
      vertex 517.6903076171875 -8.956708908081055 515
      vertex 517.585205078125 -8.647047996520996 516
      vertex 517.585205078125 -8.647047996520996 515
    endloop
  endfacet
  facet normal -0.9469423931264883 -0.32140333554566486 0
    outer loop
      vertex 517.585205078125 -8.647047996520996 516
      vertex 517.6903076171875 -8.956708908081055 515
      vertex 517.6903076171875 -8.956708908081055 516
    endloop
  endfacet
  facet normal -0.9469423931264883 -0.32140333554566486 0
    outer loop
      vertex 517.6903076171875 -8.956708908081055 499
      vertex 517.585205078125 -8.647047996520996 500
      vertex 517.585205078125 -8.647047996520996 499
    endloop
  endfacet
  facet normal -0.9469423931264883 -0.32140333554566486 0
    outer loop
      vertex 517.585205078125 -8.647047996520996 500
      vertex 517.6903076171875 -8.956708908081055 499
      vertex 517.6903076171875 -8.956708908081055 500
    endloop
  endfacet
  facet normal 0.9807588314630741 -0.19522324274323852 0
    outer loop
      vertex 522.414794921875 -8.647047996520996 500
      vertex 522.4786376953125 -8.326315879821777 499
      vertex 522.4786376953125 -8.326315879821777 500
    endloop
  endfacet
  facet normal 0.9807588314630741 -0.19522324274323852 0
    outer loop
      vertex 522.4786376953125 -8.326315879821777 499
      vertex 522.414794921875 -8.647047996520996 500
      vertex 522.414794921875 -8.647047996520996 499
    endloop
  endfacet
  facet normal 0.9807588314630741 -0.19522324274323852 0
    outer loop
      vertex 522.414794921875 -8.647047996520996 516
      vertex 522.4786376953125 -8.326315879821777 515
      vertex 522.4786376953125 -8.326315879821777 516
    endloop
  endfacet
  facet normal 0.9807588314630741 -0.19522324274323852 0
    outer loop
      vertex 522.4786376953125 -8.326315879821777 515
      vertex 522.414794921875 -8.647047996520996 516
      vertex 522.414794921875 -8.647047996520996 515
    endloop
  endfacet
  facet normal 0.6593663944918402 0.7518217593384956 0
    outer loop
      vertex 521.7677612304688 -6.232233047485352 515
      vertex 521.5219116210938 -6.0166168212890625 516
      vertex 521.7677612304688 -6.232233047485352 516
    endloop
  endfacet
  facet normal 0.6593663944918402 0.7518217593384956 0
    outer loop
      vertex 521.5219116210938 -6.0166168212890625 516
      vertex 521.7677612304688 -6.232233047485352 515
      vertex 521.5219116210938 -6.0166168212890625 515
    endloop
  endfacet
  facet normal 0.6593663944918402 0.7518217593384956 0
    outer loop
      vertex 521.7677612304688 -6.232233047485352 499
      vertex 521.5219116210938 -6.0166168212890625 500
      vertex 521.7677612304688 -6.232233047485352 500
    endloop
  endfacet
  facet normal 0.6593663944918402 0.7518217593384956 0
    outer loop
      vertex 521.5219116210938 -6.0166168212890625 500
      vertex 521.7677612304688 -6.232233047485352 499
      vertex 521.5219116210938 -6.0166168212890625 499
    endloop
  endfacet
  facet normal -0.44230961243396905 0.8968624235346869 0
    outer loop
      vertex 519.0432739257812 -5.690301895141602 499
      vertex 518.75 -5.83493709564209 500
      vertex 519.0432739257812 -5.690301895141602 500
    endloop
  endfacet
  facet normal -0.44230961243396905 0.8968624235346869 0
    outer loop
      vertex 518.75 -5.83493709564209 500
      vertex 519.0432739257812 -5.690301895141602 499
      vertex 518.75 -5.83493709564209 499
    endloop
  endfacet
  facet normal -0.44230961243396905 0.8968624235346869 0
    outer loop
      vertex 519.0432739257812 -5.690301895141602 515
      vertex 518.75 -5.83493709564209 516
      vertex 519.0432739257812 -5.690301895141602 516
    endloop
  endfacet
  facet normal -0.44230961243396905 0.8968624235346869 0
    outer loop
      vertex 518.75 -5.83493709564209 516
      vertex 519.0432739257812 -5.690301895141602 515
      vertex 518.75 -5.83493709564209 515
    endloop
  endfacet
  facet normal -0.9469423931264883 0.32140333554566486 0
    outer loop
      vertex 517.585205078125 -7.35295295715332 515
      vertex 517.6903076171875 -7.043292045593262 516
      vertex 517.6903076171875 -7.043292045593262 515
    endloop
  endfacet
  facet normal -0.9469423931264883 0.32140333554566486 0
    outer loop
      vertex 517.6903076171875 -7.043292045593262 516
      vertex 517.585205078125 -7.35295295715332 515
      vertex 517.585205078125 -7.35295295715332 516
    endloop
  endfacet
  facet normal -0.9469423931264883 0.32140333554566486 0
    outer loop
      vertex 517.585205078125 -7.35295295715332 499
      vertex 517.6903076171875 -7.043292045593262 500
      vertex 517.6903076171875 -7.043292045593262 499
    endloop
  endfacet
  facet normal -0.9469423931264883 0.32140333554566486 0
    outer loop
      vertex 517.6903076171875 -7.043292045593262 500
      vertex 517.585205078125 -7.35295295715332 499
      vertex 517.585205078125 -7.35295295715332 500
    endloop
  endfacet
  facet normal -0.6593663944918402 0.7518217593384956 0
    outer loop
      vertex 518.4780883789062 -6.0166168212890625 499
      vertex 518.2322387695312 -6.232233047485352 500
      vertex 518.4780883789062 -6.0166168212890625 500
    endloop
  endfacet
  facet normal -0.6593663944918402 0.7518217593384956 0
    outer loop
      vertex 518.2322387695312 -6.232233047485352 500
      vertex 518.4780883789062 -6.0166168212890625 499
      vertex 518.2322387695312 -6.232233047485352 499
    endloop
  endfacet
  facet normal -0.6593663944918402 0.7518217593384956 0
    outer loop
      vertex 518.4780883789062 -6.0166168212890625 515
      vertex 518.2322387695312 -6.232233047485352 516
      vertex 518.4780883789062 -6.0166168212890625 516
    endloop
  endfacet
  facet normal -0.6593663944918402 0.7518217593384956 0
    outer loop
      vertex 518.2322387695312 -6.232233047485352 516
      vertex 518.4780883789062 -6.0166168212890625 515
      vertex 518.2322387695312 -6.232233047485352 515
    endloop
  endfacet
  facet normal -0.9807588314630741 0.19522324274323852 0
    outer loop
      vertex 517.5213623046875 -7.673685073852539 515
      vertex 517.585205078125 -7.35295295715332 516
      vertex 517.585205078125 -7.35295295715332 515
    endloop
  endfacet
  facet normal -0.9807588314630741 0.19522324274323852 0
    outer loop
      vertex 517.585205078125 -7.35295295715332 516
      vertex 517.5213623046875 -7.673685073852539 515
      vertex 517.5213623046875 -7.673685073852539 516
    endloop
  endfacet
  facet normal -0.9807588314630741 0.19522324274323852 0
    outer loop
      vertex 517.5213623046875 -7.673685073852539 499
      vertex 517.585205078125 -7.35295295715332 500
      vertex 517.585205078125 -7.35295295715332 499
    endloop
  endfacet
  facet normal -0.9807588314630741 0.19522324274323852 0
    outer loop
      vertex 517.585205078125 -7.35295295715332 500
      vertex 517.5213623046875 -7.673685073852539 499
      vertex 517.5213623046875 -7.673685073852539 500
    endloop
  endfacet
  facet normal 0.32141065545334824 -0.9469399086325643 0
    outer loop
      vertex 520.6470336914062 -10.414814949035645 499
      vertex 520.9567260742188 -10.309699058532715 500
      vertex 520.6470336914062 -10.414814949035645 500
    endloop
  endfacet
  facet normal 0.32141065545334824 -0.9469399086325643 0
    outer loop
      vertex 520.9567260742188 -10.309699058532715 500
      vertex 520.6470336914062 -10.414814949035645 499
      vertex 520.9567260742188 -10.309699058532715 499
    endloop
  endfacet
  facet normal 0.32141065545334824 -0.9469399086325643 0
    outer loop
      vertex 520.6470336914062 -10.414814949035645 515
      vertex 520.9567260742188 -10.309699058532715 516
      vertex 520.6470336914062 -10.414814949035645 516
    endloop
  endfacet
  facet normal 0.32141065545334824 -0.9469399086325643 0
    outer loop
      vertex 520.9567260742188 -10.309699058532715 516
      vertex 520.6470336914062 -10.414814949035645 515
      vertex 520.9567260742188 -10.309699058532715 515
    endloop
  endfacet
  facet normal -0.9807588314630741 -0.19522324274323852 0
    outer loop
      vertex 517.585205078125 -8.647047996520996 515
      vertex 517.5213623046875 -8.326315879821777 516
      vertex 517.5213623046875 -8.326315879821777 515
    endloop
  endfacet
  facet normal -0.9807588314630741 -0.19522324274323852 0
    outer loop
      vertex 517.5213623046875 -8.326315879821777 516
      vertex 517.585205078125 -8.647047996520996 515
      vertex 517.585205078125 -8.647047996520996 516
    endloop
  endfacet
  facet normal -0.9807588314630741 -0.19522324274323852 0
    outer loop
      vertex 517.585205078125 -8.647047996520996 499
      vertex 517.5213623046875 -8.326315879821777 500
      vertex 517.5213623046875 -8.326315879821777 499
    endloop
  endfacet
  facet normal -0.9807588314630741 -0.19522324274323852 0
    outer loop
      vertex 517.5213623046875 -8.326315879821777 500
      vertex 517.585205078125 -8.647047996520996 499
      vertex 517.585205078125 -8.647047996520996 500
    endloop
  endfacet
  facet normal -0.8968507126830533 -0.4423333575030257 0
    outer loop
      vertex 517.8349609375 -9.25 515
      vertex 517.6903076171875 -8.956708908081055 516
      vertex 517.6903076171875 -8.956708908081055 515
    endloop
  endfacet
  facet normal -0.8968507126830533 -0.4423333575030257 0
    outer loop
      vertex 517.6903076171875 -8.956708908081055 516
      vertex 517.8349609375 -9.25 515
      vertex 517.8349609375 -9.25 516
    endloop
  endfacet
  facet normal -0.8968507126830533 -0.4423333575030257 0
    outer loop
      vertex 517.8349609375 -9.25 499
      vertex 517.6903076171875 -8.956708908081055 500
      vertex 517.6903076171875 -8.956708908081055 499
    endloop
  endfacet
  facet normal -0.8968507126830533 -0.4423333575030257 0
    outer loop
      vertex 517.6903076171875 -8.956708908081055 500
      vertex 517.8349609375 -9.25 499
      vertex 517.8349609375 -9.25 500
    endloop
  endfacet
  facet normal 0.9978640228823725 -0.06532527716748004 0
    outer loop
      vertex 522.4786376953125 -8.326315879821777 500
      vertex 522.5 -8 499
      vertex 522.5 -8 500
    endloop
  endfacet
  facet normal 0.9978640228823725 -0.06532527716748004 0
    outer loop
      vertex 522.5 -8 499
      vertex 522.4786376953125 -8.326315879821777 500
      vertex 522.4786376953125 -8.326315879821777 499
    endloop
  endfacet
  facet normal 0.9978640228823725 -0.06532527716748004 0
    outer loop
      vertex 522.4786376953125 -8.326315879821777 516
      vertex 522.5 -8 515
      vertex 522.5 -8 516
    endloop
  endfacet
  facet normal 0.9978640228823725 -0.06532527716748004 0
    outer loop
      vertex 522.5 -8 515
      vertex 522.4786376953125 -8.326315879821777 516
      vertex 522.4786376953125 -8.326315879821777 515
    endloop
  endfacet
  facet normal -0.5555579482665354 0.8314778205808485 0
    outer loop
      vertex 518.75 -5.83493709564209 499
      vertex 518.4780883789062 -6.0166168212890625 500
      vertex 518.75 -5.83493709564209 500
    endloop
  endfacet
  facet normal -0.5555579482665354 0.8314778205808485 0
    outer loop
      vertex 518.4780883789062 -6.0166168212890625 500
      vertex 518.75 -5.83493709564209 499
      vertex 518.4780883789062 -6.0166168212890625 499
    endloop
  endfacet
  facet normal -0.5555579482665354 0.8314778205808485 0
    outer loop
      vertex 518.75 -5.83493709564209 515
      vertex 518.4780883789062 -6.0166168212890625 516
      vertex 518.75 -5.83493709564209 516
    endloop
  endfacet
  facet normal -0.5555579482665354 0.8314778205808485 0
    outer loop
      vertex 518.4780883789062 -6.0166168212890625 516
      vertex 518.75 -5.83493709564209 515
      vertex 518.4780883789062 -6.0166168212890625 515
    endloop
  endfacet
  facet normal -0.32141065545334824 -0.9469399086325643 0
    outer loop
      vertex 519.0432739257812 -10.309699058532715 499
      vertex 519.3529663085938 -10.414814949035645 500
      vertex 519.0432739257812 -10.309699058532715 500
    endloop
  endfacet
  facet normal -0.32141065545334824 -0.9469399086325643 0
    outer loop
      vertex 519.3529663085938 -10.414814949035645 500
      vertex 519.0432739257812 -10.309699058532715 499
      vertex 519.3529663085938 -10.414814949035645 499
    endloop
  endfacet
  facet normal -0.32141065545334824 -0.9469399086325643 0
    outer loop
      vertex 519.0432739257812 -10.309699058532715 515
      vertex 519.3529663085938 -10.414814949035645 516
      vertex 519.0432739257812 -10.309699058532715 516
    endloop
  endfacet
  facet normal -0.32141065545334824 -0.9469399086325643 0
    outer loop
      vertex 519.3529663085938 -10.414814949035645 516
      vertex 519.0432739257812 -10.309699058532715 515
      vertex 519.3529663085938 -10.414814949035645 515
    endloop
  endfacet
  facet normal 0.8315258524502509 -0.5554860544666117 0
    outer loop
      vertex 521.9833984375 -9.521903991699219 516
      vertex 522.1650390625 -9.25 515
      vertex 522.1650390625 -9.25 516
    endloop
  endfacet
  facet normal 0.8315258524502509 -0.5554860544666117 0
    outer loop
      vertex 522.1650390625 -9.25 515
      vertex 521.9833984375 -9.521903991699219 516
      vertex 521.9833984375 -9.521903991699219 515
    endloop
  endfacet
  facet normal 0.8315258524502509 -0.5554860544666117 0
    outer loop
      vertex 521.9833984375 -9.521903991699219 500
      vertex 522.1650390625 -9.25 499
      vertex 522.1650390625 -9.25 500
    endloop
  endfacet
  facet normal 0.8315258524502509 -0.5554860544666117 0
    outer loop
      vertex 522.1650390625 -9.25 499
      vertex 521.9833984375 -9.521903991699219 500
      vertex 521.9833984375 -9.521903991699219 499
    endloop
  endfacet
  facet normal -0.831524952521431 0.5554874015981208 0
    outer loop
      vertex 517.8349609375 -6.75 499
      vertex 518.0166015625 -6.478096961975098 500
      vertex 518.0166015625 -6.478096961975098 499
    endloop
  endfacet
  facet normal -0.831524952521431 0.5554874015981208 0
    outer loop
      vertex 518.0166015625 -6.478096961975098 500
      vertex 517.8349609375 -6.75 499
      vertex 517.8349609375 -6.75 500
    endloop
  endfacet
  facet normal -0.831524952521431 0.5554874015981208 0
    outer loop
      vertex 517.8349609375 -6.75 515
      vertex 518.0166015625 -6.478096961975098 516
      vertex 518.0166015625 -6.478096961975098 515
    endloop
  endfacet
  facet normal -0.831524952521431 0.5554874015981208 0
    outer loop
      vertex 518.0166015625 -6.478096961975098 516
      vertex 517.8349609375 -6.75 515
      vertex 517.8349609375 -6.75 516
    endloop
  endfacet
  facet normal 0.06540805866887271 0.9978586001338914 0
    outer loop
      vertex 520.3262939453125 -5.521388053894043 499
      vertex 520 -5.5 500
      vertex 520.3262939453125 -5.521388053894043 500
    endloop
  endfacet
  facet normal 0.06540805866887271 0.9978586001338914 0
    outer loop
      vertex 520 -5.5 500
      vertex 520.3262939453125 -5.521388053894043 499
      vertex 520 -5.5 499
    endloop
  endfacet
  facet normal 0.06540805866887271 0.9978586001338914 0
    outer loop
      vertex 520.3262939453125 -5.521388053894043 515
      vertex 520 -5.5 516
      vertex 520.3262939453125 -5.521388053894043 516
    endloop
  endfacet
  facet normal 0.06540805866887271 0.9978586001338914 0
    outer loop
      vertex 520 -5.5 516
      vertex 520.3262939453125 -5.521388053894043 515
      vertex 520 -5.5 515
    endloop
  endfacet
  facet normal 0.5555579482665354 0.8314778205808485 0
    outer loop
      vertex 521.5219116210938 -6.0166168212890625 499
      vertex 521.25 -5.83493709564209 500
      vertex 521.5219116210938 -6.0166168212890625 500
    endloop
  endfacet
  facet normal 0.5555579482665354 0.8314778205808485 0
    outer loop
      vertex 521.25 -5.83493709564209 500
      vertex 521.5219116210938 -6.0166168212890625 499
      vertex 521.25 -5.83493709564209 499
    endloop
  endfacet
  facet normal 0.5555579482665354 0.8314778205808485 0
    outer loop
      vertex 521.5219116210938 -6.0166168212890625 515
      vertex 521.25 -5.83493709564209 516
      vertex 521.5219116210938 -6.0166168212890625 516
    endloop
  endfacet
  facet normal 0.5555579482665354 0.8314778205808485 0
    outer loop
      vertex 521.25 -5.83493709564209 516
      vertex 521.5219116210938 -6.0166168212890625 515
      vertex 521.25 -5.83493709564209 515
    endloop
  endfacet
  facet normal 0.5555579482665354 -0.8314778205808485 0
    outer loop
      vertex 521.25 -10.165063858032227 499
      vertex 521.5219116210938 -9.983384132385254 500
      vertex 521.25 -10.165063858032227 500
    endloop
  endfacet
  facet normal 0.5555579482665354 -0.8314778205808485 0
    outer loop
      vertex 521.5219116210938 -9.983384132385254 500
      vertex 521.25 -10.165063858032227 499
      vertex 521.5219116210938 -9.983384132385254 499
    endloop
  endfacet
  facet normal 0.5555579482665354 -0.8314778205808485 0
    outer loop
      vertex 521.25 -10.165063858032227 515
      vertex 521.5219116210938 -9.983384132385254 516
      vertex 521.25 -10.165063858032227 516
    endloop
  endfacet
  facet normal 0.5555579482665354 -0.8314778205808485 0
    outer loop
      vertex 521.5219116210938 -9.983384132385254 516
      vertex 521.25 -10.165063858032227 515
      vertex 521.5219116210938 -9.983384132385254 515
    endloop
  endfacet
  facet normal -0.44230961243396905 -0.8968624235346869 0
    outer loop
      vertex 518.75 -10.165063858032227 499
      vertex 519.0432739257812 -10.309699058532715 500
      vertex 518.75 -10.165063858032227 500
    endloop
  endfacet
  facet normal -0.44230961243396905 -0.8968624235346869 0
    outer loop
      vertex 519.0432739257812 -10.309699058532715 500
      vertex 518.75 -10.165063858032227 499
      vertex 519.0432739257812 -10.309699058532715 499
    endloop
  endfacet
  facet normal -0.44230961243396905 -0.8968624235346869 0
    outer loop
      vertex 518.75 -10.165063858032227 515
      vertex 519.0432739257812 -10.309699058532715 516
      vertex 518.75 -10.165063858032227 516
    endloop
  endfacet
  facet normal -0.44230961243396905 -0.8968624235346869 0
    outer loop
      vertex 519.0432739257812 -10.309699058532715 516
      vertex 518.75 -10.165063858032227 515
      vertex 519.0432739257812 -10.309699058532715 515
    endloop
  endfacet
  facet normal 0.32141065545334824 0.9469399086325643 0
    outer loop
      vertex 520.9567260742188 -5.690301895141602 499
      vertex 520.6470336914062 -5.585186004638672 500
      vertex 520.9567260742188 -5.690301895141602 500
    endloop
  endfacet
  facet normal 0.32141065545334824 0.9469399086325643 0
    outer loop
      vertex 520.6470336914062 -5.585186004638672 500
      vertex 520.9567260742188 -5.690301895141602 499
      vertex 520.6470336914062 -5.585186004638672 499
    endloop
  endfacet
  facet normal 0.32141065545334824 0.9469399086325643 0
    outer loop
      vertex 520.9567260742188 -5.690301895141602 515
      vertex 520.6470336914062 -5.585186004638672 516
      vertex 520.9567260742188 -5.690301895141602 516
    endloop
  endfacet
  facet normal 0.32141065545334824 0.9469399086325643 0
    outer loop
      vertex 520.6470336914062 -5.585186004638672 516
      vertex 520.9567260742188 -5.690301895141602 515
      vertex 520.6470336914062 -5.585186004638672 515
    endloop
  endfacet
  facet normal -0.7518089732175759 0.6593809731782788 0
    outer loop
      vertex 518.0166015625 -6.478096961975098 499
      vertex 518.2322387695312 -6.232233047485352 500
      vertex 518.2322387695312 -6.232233047485352 499
    endloop
  endfacet
  facet normal -0.7518089732175759 0.6593809731782788 0
    outer loop
      vertex 518.2322387695312 -6.232233047485352 500
      vertex 518.0166015625 -6.478096961975098 499
      vertex 518.0166015625 -6.478096961975098 500
    endloop
  endfacet
  facet normal -0.7518089732175759 0.6593809731782788 0
    outer loop
      vertex 518.0166015625 -6.478096961975098 515
      vertex 518.2322387695312 -6.232233047485352 516
      vertex 518.2322387695312 -6.232233047485352 515
    endloop
  endfacet
  facet normal -0.7518089732175759 0.6593809731782788 0
    outer loop
      vertex 518.2322387695312 -6.232233047485352 516
      vertex 518.0166015625 -6.478096961975098 515
      vertex 518.0166015625 -6.478096961975098 516
    endloop
  endfacet
  facet normal 0.06540515465818812 -0.9978587904829713 0
    outer loop
      vertex 520 -10.5 515
      vertex 520.3262939453125 -10.478612899780273 516
      vertex 520 -10.5 516
    endloop
  endfacet
  facet normal 0.06540515465818812 -0.9978587904829713 0
    outer loop
      vertex 520.3262939453125 -10.478612899780273 516
      vertex 520 -10.5 515
      vertex 520.3262939453125 -10.478612899780273 515
    endloop
  endfacet
  facet normal 0.06540515465818812 -0.9978587904829713 0
    outer loop
      vertex 520 -10.5 499
      vertex 520.3262939453125 -10.478612899780273 500
      vertex 520 -10.5 500
    endloop
  endfacet
  facet normal 0.06540515465818812 -0.9978587904829713 0
    outer loop
      vertex 520.3262939453125 -10.478612899780273 500
      vertex 520 -10.5 499
      vertex 520.3262939453125 -10.478612899780273 499
    endloop
  endfacet
  facet normal 0.7518089732175759 0.6593809731782788 0
    outer loop
      vertex 521.9833984375 -6.478096961975098 516
      vertex 521.7677612304688 -6.232233047485352 515
      vertex 521.7677612304688 -6.232233047485352 516
    endloop
  endfacet
  facet normal 0.7518089732175759 0.6593809731782788 0
    outer loop
      vertex 521.7677612304688 -6.232233047485352 515
      vertex 521.9833984375 -6.478096961975098 516
      vertex 521.9833984375 -6.478096961975098 515
    endloop
  endfacet
  facet normal 0.7518089732175759 0.6593809731782788 0
    outer loop
      vertex 521.9833984375 -6.478096961975098 500
      vertex 521.7677612304688 -6.232233047485352 499
      vertex 521.7677612304688 -6.232233047485352 500
    endloop
  endfacet
  facet normal 0.7518089732175759 0.6593809731782788 0
    outer loop
      vertex 521.7677612304688 -6.232233047485352 499
      vertex 521.9833984375 -6.478096961975098 500
      vertex 521.9833984375 -6.478096961975098 499
    endloop
  endfacet
  facet normal 0.44230961243396905 -0.8968624235346869 0
    outer loop
      vertex 520.9567260742188 -10.309699058532715 515
      vertex 521.25 -10.165063858032227 516
      vertex 520.9567260742188 -10.309699058532715 516
    endloop
  endfacet
  facet normal 0.44230961243396905 -0.8968624235346869 0
    outer loop
      vertex 521.25 -10.165063858032227 516
      vertex 520.9567260742188 -10.309699058532715 515
      vertex 521.25 -10.165063858032227 515
    endloop
  endfacet
  facet normal 0.44230961243396905 -0.8968624235346869 0
    outer loop
      vertex 520.9567260742188 -10.309699058532715 499
      vertex 521.25 -10.165063858032227 500
      vertex 520.9567260742188 -10.309699058532715 500
    endloop
  endfacet
  facet normal 0.44230961243396905 -0.8968624235346869 0
    outer loop
      vertex 521.25 -10.165063858032227 500
      vertex 520.9567260742188 -10.309699058532715 499
      vertex 521.25 -10.165063858032227 499
    endloop
  endfacet
  facet normal -0.8315258524502509 -0.5554860544666117 0
    outer loop
      vertex 518.0166015625 -9.521903991699219 515
      vertex 517.8349609375 -9.25 516
      vertex 517.8349609375 -9.25 515
    endloop
  endfacet
  facet normal -0.8315258524502509 -0.5554860544666117 0
    outer loop
      vertex 517.8349609375 -9.25 516
      vertex 518.0166015625 -9.521903991699219 515
      vertex 518.0166015625 -9.521903991699219 516
    endloop
  endfacet
  facet normal -0.8315258524502509 -0.5554860544666117 0
    outer loop
      vertex 518.0166015625 -9.521903991699219 499
      vertex 517.8349609375 -9.25 500
      vertex 517.8349609375 -9.25 499
    endloop
  endfacet
  facet normal -0.8315258524502509 -0.5554860544666117 0
    outer loop
      vertex 517.8349609375 -9.25 500
      vertex 518.0166015625 -9.521903991699219 499
      vertex 518.0166015625 -9.521903991699219 500
    endloop
  endfacet
  facet normal -0.06540515465818812 -0.9978587904829713 0
    outer loop
      vertex 519.6737060546875 -10.478612899780273 499
      vertex 520 -10.5 500
      vertex 519.6737060546875 -10.478612899780273 500
    endloop
  endfacet
  facet normal -0.06540515465818812 -0.9978587904829713 0
    outer loop
      vertex 520 -10.5 500
      vertex 519.6737060546875 -10.478612899780273 499
      vertex 520 -10.5 499
    endloop
  endfacet
  facet normal -0.06540515465818812 -0.9978587904829713 0
    outer loop
      vertex 519.6737060546875 -10.478612899780273 515
      vertex 520 -10.5 516
      vertex 519.6737060546875 -10.478612899780273 516
    endloop
  endfacet
  facet normal -0.06540515465818812 -0.9978587904829713 0
    outer loop
      vertex 520 -10.5 516
      vertex 519.6737060546875 -10.478612899780273 515
      vertex 520 -10.5 515
    endloop
  endfacet
  facet normal -0.32141065545334824 0.9469399086325643 0
    outer loop
      vertex 519.3529663085938 -5.585186004638672 499
      vertex 519.0432739257812 -5.690301895141602 500
      vertex 519.3529663085938 -5.585186004638672 500
    endloop
  endfacet
  facet normal -0.32141065545334824 0.9469399086325643 0
    outer loop
      vertex 519.0432739257812 -5.690301895141602 500
      vertex 519.3529663085938 -5.585186004638672 499
      vertex 519.0432739257812 -5.690301895141602 499
    endloop
  endfacet
  facet normal -0.32141065545334824 0.9469399086325643 0
    outer loop
      vertex 519.3529663085938 -5.585186004638672 515
      vertex 519.0432739257812 -5.690301895141602 516
      vertex 519.3529663085938 -5.585186004638672 516
    endloop
  endfacet
  facet normal -0.32141065545334824 0.9469399086325643 0
    outer loop
      vertex 519.0432739257812 -5.690301895141602 516
      vertex 519.3529663085938 -5.585186004638672 515
      vertex 519.0432739257812 -5.690301895141602 515
    endloop
  endfacet
  facet normal -0.9978640228823725 -0.06532527716748004 0
    outer loop
      vertex 517.5213623046875 -8.326315879821777 515
      vertex 517.5 -8 516
      vertex 517.5 -8 515
    endloop
  endfacet
  facet normal -0.9978640228823725 -0.06532527716748004 0
    outer loop
      vertex 517.5 -8 516
      vertex 517.5213623046875 -8.326315879821777 515
      vertex 517.5213623046875 -8.326315879821777 516
    endloop
  endfacet
  facet normal -0.9978640228823725 -0.06532527716748004 0
    outer loop
      vertex 517.5213623046875 -8.326315879821777 499
      vertex 517.5 -8 500
      vertex 517.5 -8 499
    endloop
  endfacet
  facet normal -0.9978640228823725 -0.06532527716748004 0
    outer loop
      vertex 517.5 -8 500
      vertex 517.5213623046875 -8.326315879821777 499
      vertex 517.5213623046875 -8.326315879821777 500
    endloop
  endfacet
  facet normal -0.9978640104372933 0.06532546726967428 0
    outer loop
      vertex 517.5 -8 515
      vertex 517.5213623046875 -7.673685073852539 516
      vertex 517.5213623046875 -7.673685073852539 515
    endloop
  endfacet
  facet normal -0.9978640104372933 0.06532546726967428 0
    outer loop
      vertex 517.5213623046875 -7.673685073852539 516
      vertex 517.5 -8 515
      vertex 517.5 -8 516
    endloop
  endfacet
  facet normal -0.9978640104372933 0.06532546726967428 0
    outer loop
      vertex 517.5 -8 499
      vertex 517.5213623046875 -7.673685073852539 500
      vertex 517.5213623046875 -7.673685073852539 499
    endloop
  endfacet
  facet normal -0.9978640104372933 0.06532546726967428 0
    outer loop
      vertex 517.5213623046875 -7.673685073852539 500
      vertex 517.5 -8 499
      vertex 517.5 -8 500
    endloop
  endfacet
  facet normal 0.6593663944918402 -0.7518217593384956 0
    outer loop
      vertex 521.5219116210938 -9.983384132385254 499
      vertex 521.7677612304688 -9.767767906188965 500
      vertex 521.5219116210938 -9.983384132385254 500
    endloop
  endfacet
  facet normal 0.6593663944918402 -0.7518217593384956 0
    outer loop
      vertex 521.7677612304688 -9.767767906188965 500
      vertex 521.5219116210938 -9.983384132385254 499
      vertex 521.7677612304688 -9.767767906188965 499
    endloop
  endfacet
  facet normal 0.6593663944918402 -0.7518217593384956 0
    outer loop
      vertex 521.5219116210938 -9.983384132385254 515
      vertex 521.7677612304688 -9.767767906188965 516
      vertex 521.5219116210938 -9.983384132385254 516
    endloop
  endfacet
  facet normal 0.6593663944918402 -0.7518217593384956 0
    outer loop
      vertex 521.7677612304688 -9.767767906188965 516
      vertex 521.5219116210938 -9.983384132385254 515
      vertex 521.7677612304688 -9.767767906188965 515
    endloop
  endfacet
  facet normal -0.6593663944918402 -0.7518217593384956 0
    outer loop
      vertex 518.2322387695312 -9.767767906188965 515
      vertex 518.4780883789062 -9.983384132385254 516
      vertex 518.2322387695312 -9.767767906188965 516
    endloop
  endfacet
  facet normal -0.6593663944918402 -0.7518217593384956 0
    outer loop
      vertex 518.4780883789062 -9.983384132385254 516
      vertex 518.2322387695312 -9.767767906188965 515
      vertex 518.4780883789062 -9.983384132385254 515
    endloop
  endfacet
  facet normal -0.6593663944918402 -0.7518217593384956 0
    outer loop
      vertex 518.2322387695312 -9.767767906188965 499
      vertex 518.4780883789062 -9.983384132385254 500
      vertex 518.2322387695312 -9.767767906188965 500
    endloop
  endfacet
  facet normal -0.6593663944918402 -0.7518217593384956 0
    outer loop
      vertex 518.4780883789062 -9.983384132385254 500
      vertex 518.2322387695312 -9.767767906188965 499
      vertex 518.4780883789062 -9.983384132385254 499
    endloop
  endfacet
  facet normal -0.5555579482665354 -0.8314778205808485 0
    outer loop
      vertex 518.4780883789062 -9.983384132385254 515
      vertex 518.75 -10.165063858032227 516
      vertex 518.4780883789062 -9.983384132385254 516
    endloop
  endfacet
  facet normal -0.5555579482665354 -0.8314778205808485 0
    outer loop
      vertex 518.75 -10.165063858032227 516
      vertex 518.4780883789062 -9.983384132385254 515
      vertex 518.75 -10.165063858032227 515
    endloop
  endfacet
  facet normal -0.5555579482665354 -0.8314778205808485 0
    outer loop
      vertex 518.4780883789062 -9.983384132385254 499
      vertex 518.75 -10.165063858032227 500
      vertex 518.4780883789062 -9.983384132385254 500
    endloop
  endfacet
  facet normal -0.5555579482665354 -0.8314778205808485 0
    outer loop
      vertex 518.75 -10.165063858032227 500
      vertex 518.4780883789062 -9.983384132385254 499
      vertex 518.75 -10.165063858032227 499
    endloop
  endfacet
  facet normal 0.44230961243396905 0.8968624235346869 0
    outer loop
      vertex 521.25 -5.83493709564209 515
      vertex 520.9567260742188 -5.690301895141602 516
      vertex 521.25 -5.83493709564209 516
    endloop
  endfacet
  facet normal 0.44230961243396905 0.8968624235346869 0
    outer loop
      vertex 520.9567260742188 -5.690301895141602 516
      vertex 521.25 -5.83493709564209 515
      vertex 520.9567260742188 -5.690301895141602 515
    endloop
  endfacet
  facet normal 0.44230961243396905 0.8968624235346869 0
    outer loop
      vertex 521.25 -5.83493709564209 499
      vertex 520.9567260742188 -5.690301895141602 500
      vertex 521.25 -5.83493709564209 500
    endloop
  endfacet
  facet normal 0.44230961243396905 0.8968624235346869 0
    outer loop
      vertex 520.9567260742188 -5.690301895141602 500
      vertex 521.25 -5.83493709564209 499
      vertex 520.9567260742188 -5.690301895141602 499
    endloop
  endfacet
  facet normal 0.831524952521431 0.5554874015981208 0
    outer loop
      vertex 522.1650390625 -6.75 516
      vertex 521.9833984375 -6.478096961975098 515
      vertex 521.9833984375 -6.478096961975098 516
    endloop
  endfacet
  facet normal 0.831524952521431 0.5554874015981208 0
    outer loop
      vertex 521.9833984375 -6.478096961975098 515
      vertex 522.1650390625 -6.75 516
      vertex 522.1650390625 -6.75 515
    endloop
  endfacet
  facet normal 0.831524952521431 0.5554874015981208 0
    outer loop
      vertex 522.1650390625 -6.75 500
      vertex 521.9833984375 -6.478096961975098 499
      vertex 521.9833984375 -6.478096961975098 500
    endloop
  endfacet
  facet normal 0.831524952521431 0.5554874015981208 0
    outer loop
      vertex 521.9833984375 -6.478096961975098 499
      vertex 522.1650390625 -6.75 500
      vertex 522.1650390625 -6.75 499
    endloop
  endfacet
  facet normal -0.19508693498093582 -0.9807859541203393 0
    outer loop
      vertex 519.3529663085938 -10.414814949035645 499
      vertex 519.6737060546875 -10.478612899780273 500
      vertex 519.3529663085938 -10.414814949035645 500
    endloop
  endfacet
  facet normal -0.19508693498093582 -0.9807859541203393 0
    outer loop
      vertex 519.6737060546875 -10.478612899780273 500
      vertex 519.3529663085938 -10.414814949035645 499
      vertex 519.6737060546875 -10.478612899780273 499
    endloop
  endfacet
  facet normal -0.19508693498093582 -0.9807859541203393 0
    outer loop
      vertex 519.3529663085938 -10.414814949035645 515
      vertex 519.6737060546875 -10.478612899780273 516
      vertex 519.3529663085938 -10.414814949035645 516
    endloop
  endfacet
  facet normal -0.19508693498093582 -0.9807859541203393 0
    outer loop
      vertex 519.6737060546875 -10.478612899780273 516
      vertex 519.3529663085938 -10.414814949035645 515
      vertex 519.6737060546875 -10.478612899780273 515
    endloop
  endfacet
  facet normal 0.19508693498093582 0.9807859541203393 0
    outer loop
      vertex 520.6470336914062 -5.585186004638672 515
      vertex 520.3262939453125 -5.521388053894043 516
      vertex 520.6470336914062 -5.585186004638672 516
    endloop
  endfacet
  facet normal 0.19508693498093582 0.9807859541203393 0
    outer loop
      vertex 520.3262939453125 -5.521388053894043 516
      vertex 520.6470336914062 -5.585186004638672 515
      vertex 520.3262939453125 -5.521388053894043 515
    endloop
  endfacet
  facet normal 0.19508693498093582 0.9807859541203393 0
    outer loop
      vertex 520.6470336914062 -5.585186004638672 499
      vertex 520.3262939453125 -5.521388053894043 500
      vertex 520.6470336914062 -5.585186004638672 500
    endloop
  endfacet
  facet normal 0.19508693498093582 0.9807859541203393 0
    outer loop
      vertex 520.3262939453125 -5.521388053894043 500
      vertex 520.6470336914062 -5.585186004638672 499
      vertex 520.3262939453125 -5.521388053894043 499
    endloop
  endfacet
  facet normal 0 0 -1
    outer loop
      vertex 522.4786376953125 -8.326315879821777 499
      vertex 522.4786376953125 -7.673685073852539 499
      vertex 522.5 -8 499
    endloop
  endfacet
  facet normal 0 0 -1
    outer loop
      vertex 522.414794921875 -8.647047996520996 499
      vertex 522.4786376953125 -7.673685073852539 499
      vertex 522.4786376953125 -8.326315879821777 499
    endloop
  endfacet
  facet normal 0 0 -1
    outer loop
      vertex 522.414794921875 -8.647047996520996 499
      vertex 522.414794921875 -7.35295295715332 499
      vertex 522.4786376953125 -7.673685073852539 499
    endloop
  endfacet
  facet normal 0 0 -1
    outer loop
      vertex 522.3096923828125 -8.956708908081055 499
      vertex 522.414794921875 -7.35295295715332 499
      vertex 522.414794921875 -8.647047996520996 499
    endloop
  endfacet
  facet normal 0 0 -1
    outer loop
      vertex 522.3096923828125 -8.956708908081055 499
      vertex 522.3096923828125 -7.043292045593262 499
      vertex 522.414794921875 -7.35295295715332 499
    endloop
  endfacet
  facet normal 0 0 -1
    outer loop
      vertex 522.1650390625 -9.25 499
      vertex 522.3096923828125 -7.043292045593262 499
      vertex 522.3096923828125 -8.956708908081055 499
    endloop
  endfacet
  facet normal 0 0 -1
    outer loop
      vertex 522.1650390625 -9.25 499
      vertex 522.1650390625 -6.75 499
      vertex 522.3096923828125 -7.043292045593262 499
    endloop
  endfacet
  facet normal 0 0 -1
    outer loop
      vertex 521.9833984375 -9.521903991699219 499
      vertex 522.1650390625 -6.75 499
      vertex 522.1650390625 -9.25 499
    endloop
  endfacet
  facet normal 0 0 -1
    outer loop
      vertex 521.9833984375 -9.521903991699219 499
      vertex 521.9833984375 -6.478096961975098 499
      vertex 522.1650390625 -6.75 499
    endloop
  endfacet
  facet normal 0 0 -1
    outer loop
      vertex 521.7677612304688 -9.767767906188965 499
      vertex 521.9833984375 -6.478096961975098 499
      vertex 521.9833984375 -9.521903991699219 499
    endloop
  endfacet
  facet normal 0 0 -1
    outer loop
      vertex 521.7677612304688 -9.767767906188965 499
      vertex 521.7677612304688 -6.232233047485352 499
      vertex 521.9833984375 -6.478096961975098 499
    endloop
  endfacet
  facet normal 0 0 -1
    outer loop
      vertex 521.5219116210938 -9.983384132385254 499
      vertex 521.7677612304688 -6.232233047485352 499
      vertex 521.7677612304688 -9.767767906188965 499
    endloop
  endfacet
  facet normal 0 0 -1
    outer loop
      vertex 521.5219116210938 -9.983384132385254 499
      vertex 521.5219116210938 -6.0166168212890625 499
      vertex 521.7677612304688 -6.232233047485352 499
    endloop
  endfacet
  facet normal 0 0 -1
    outer loop
      vertex 521.25 -10.165063858032227 499
      vertex 521.5219116210938 -6.0166168212890625 499
      vertex 521.5219116210938 -9.983384132385254 499
    endloop
  endfacet
  facet normal 0 0 -1
    outer loop
      vertex 521.25 -10.165063858032227 499
      vertex 521.25 -5.83493709564209 499
      vertex 521.5219116210938 -6.0166168212890625 499
    endloop
  endfacet
  facet normal 0 0 -1
    outer loop
      vertex 520.9567260742188 -10.309699058532715 499
      vertex 521.25 -5.83493709564209 499
      vertex 521.25 -10.165063858032227 499
    endloop
  endfacet
  facet normal 0 0 -1
    outer loop
      vertex 520.9567260742188 -10.309699058532715 499
      vertex 520.9567260742188 -5.690301895141602 499
      vertex 521.25 -5.83493709564209 499
    endloop
  endfacet
  facet normal 0 0 -1
    outer loop
      vertex 520.6470336914062 -10.414814949035645 499
      vertex 520.9567260742188 -5.690301895141602 499
      vertex 520.9567260742188 -10.309699058532715 499
    endloop
  endfacet
  facet normal 0 0 -1
    outer loop
      vertex 520.6470336914062 -10.414814949035645 499
      vertex 520.6470336914062 -5.585186004638672 499
      vertex 520.9567260742188 -5.690301895141602 499
    endloop
  endfacet
  facet normal 0 0 -1
    outer loop
      vertex 520.3262939453125 -10.478612899780273 499
      vertex 520.6470336914062 -5.585186004638672 499
      vertex 520.6470336914062 -10.414814949035645 499
    endloop
  endfacet
  facet normal 0 0 -1
    outer loop
      vertex 520.3262939453125 -10.478612899780273 499
      vertex 520.3262939453125 -5.521388053894043 499
      vertex 520.6470336914062 -5.585186004638672 499
    endloop
  endfacet
  facet normal 0 0 -1
    outer loop
      vertex 520 -10.5 499
      vertex 520.3262939453125 -5.521388053894043 499
      vertex 520.3262939453125 -10.478612899780273 499
    endloop
  endfacet
  facet normal 0 0 -1
    outer loop
      vertex 520 -10.5 499
      vertex 520 -5.5 499
      vertex 520.3262939453125 -5.521388053894043 499
    endloop
  endfacet
  facet normal 0 0 -1
    outer loop
      vertex 519.6737060546875 -10.478612899780273 499
      vertex 520 -5.5 499
      vertex 520 -10.5 499
    endloop
  endfacet
  facet normal 0 0 -1
    outer loop
      vertex 519.6737060546875 -10.478612899780273 499
      vertex 519.6737060546875 -5.521388053894043 499
      vertex 520 -5.5 499
    endloop
  endfacet
  facet normal 0 0 -1
    outer loop
      vertex 519.3529663085938 -10.414814949035645 499
      vertex 519.6737060546875 -5.521388053894043 499
      vertex 519.6737060546875 -10.478612899780273 499
    endloop
  endfacet
  facet normal 0 0 -1
    outer loop
      vertex 519.3529663085938 -10.414814949035645 499
      vertex 519.3529663085938 -5.585186004638672 499
      vertex 519.6737060546875 -5.521388053894043 499
    endloop
  endfacet
  facet normal 0 0 -1
    outer loop
      vertex 519.0432739257812 -10.309699058532715 499
      vertex 519.3529663085938 -5.585186004638672 499
      vertex 519.3529663085938 -10.414814949035645 499
    endloop
  endfacet
  facet normal 0 0 -1
    outer loop
      vertex 519.0432739257812 -10.309699058532715 499
      vertex 519.0432739257812 -5.690301895141602 499
      vertex 519.3529663085938 -5.585186004638672 499
    endloop
  endfacet
  facet normal 0 0 -1
    outer loop
      vertex 518.75 -10.165063858032227 499
      vertex 519.0432739257812 -5.690301895141602 499
      vertex 519.0432739257812 -10.309699058532715 499
    endloop
  endfacet
  facet normal 0 0 -1
    outer loop
      vertex 518.75 -10.165063858032227 499
      vertex 518.75 -5.83493709564209 499
      vertex 519.0432739257812 -5.690301895141602 499
    endloop
  endfacet
  facet normal 0 0 -1
    outer loop
      vertex 518.4780883789062 -9.983384132385254 499
      vertex 518.75 -5.83493709564209 499
      vertex 518.75 -10.165063858032227 499
    endloop
  endfacet
  facet normal 0 0 -1
    outer loop
      vertex 518.4780883789062 -9.983384132385254 499
      vertex 518.4780883789062 -6.0166168212890625 499
      vertex 518.75 -5.83493709564209 499
    endloop
  endfacet
  facet normal 0 0 -1
    outer loop
      vertex 518.2322387695312 -9.767767906188965 499
      vertex 518.4780883789062 -6.0166168212890625 499
      vertex 518.4780883789062 -9.983384132385254 499
    endloop
  endfacet
  facet normal 0 0 -1
    outer loop
      vertex 518.2322387695312 -9.767767906188965 499
      vertex 518.2322387695312 -6.232233047485352 499
      vertex 518.4780883789062 -6.0166168212890625 499
    endloop
  endfacet
  facet normal 0 0 -1
    outer loop
      vertex 518.0166015625 -9.521903991699219 499
      vertex 518.2322387695312 -6.232233047485352 499
      vertex 518.2322387695312 -9.767767906188965 499
    endloop
  endfacet
  facet normal 0 0 -1
    outer loop
      vertex 518.0166015625 -9.521903991699219 499
      vertex 518.0166015625 -6.478096961975098 499
      vertex 518.2322387695312 -6.232233047485352 499
    endloop
  endfacet
  facet normal 0 0 -1
    outer loop
      vertex 517.8349609375 -9.25 499
      vertex 518.0166015625 -6.478096961975098 499
      vertex 518.0166015625 -9.521903991699219 499
    endloop
  endfacet
  facet normal 0 0 -1
    outer loop
      vertex 517.8349609375 -9.25 499
      vertex 517.8349609375 -6.75 499
      vertex 518.0166015625 -6.478096961975098 499
    endloop
  endfacet
  facet normal 0 0 -1
    outer loop
      vertex 517.6903076171875 -8.956708908081055 499
      vertex 517.8349609375 -6.75 499
      vertex 517.8349609375 -9.25 499
    endloop
  endfacet
  facet normal 0 0 -1
    outer loop
      vertex 517.6903076171875 -8.956708908081055 499
      vertex 517.6903076171875 -7.043292045593262 499
      vertex 517.8349609375 -6.75 499
    endloop
  endfacet
  facet normal 0 0 -1
    outer loop
      vertex 517.585205078125 -8.647047996520996 499
      vertex 517.6903076171875 -7.043292045593262 499
      vertex 517.6903076171875 -8.956708908081055 499
    endloop
  endfacet
  facet normal 0 0 -1
    outer loop
      vertex 517.585205078125 -8.647047996520996 499
      vertex 517.585205078125 -7.35295295715332 499
      vertex 517.6903076171875 -7.043292045593262 499
    endloop
  endfacet
  facet normal 0 0 -1
    outer loop
      vertex 517.5213623046875 -8.326315879821777 499
      vertex 517.585205078125 -7.35295295715332 499
      vertex 517.585205078125 -8.647047996520996 499
    endloop
  endfacet
  facet normal 0 0 -1
    outer loop
      vertex 517.5213623046875 -8.326315879821777 499
      vertex 517.5213623046875 -7.673685073852539 499
      vertex 517.585205078125 -7.35295295715332 499
    endloop
  endfacet
  facet normal 0 0 -1
    outer loop
      vertex 517.5213623046875 -7.673685073852539 499
      vertex 517.5213623046875 -8.326315879821777 499
      vertex 517.5 -8 499
    endloop
  endfacet
  facet normal 1 0 0
    outer loop
      vertex 1020 -20 515
      vertex 1020 520 500
      vertex 1020 520 515
    endloop
  endfacet
  facet normal 1 0 0
    outer loop
      vertex 1020 520 500
      vertex 1020 -20 515
      vertex 1020 -20 500
    endloop
  endfacet
  facet normal 0 0 1
    outer loop
      vertex 521.7677612304688 -6.232233047485352 515
      vertex 1020 -20 515
      vertex 1020 520 515
    endloop
  endfacet
  facet normal 0 0 1
    outer loop
      vertex 1020 -20 515
      vertex 522.4786376953125 -7.673685073852539 515
      vertex 522.5 -8 515
    endloop
  endfacet
  facet normal 0 0 1
    outer loop
      vertex 1020 -20 515
      vertex 522.414794921875 -7.35295295715332 515
      vertex 522.4786376953125 -7.673685073852539 515
    endloop
  endfacet
  facet normal 0 0 1
    outer loop
      vertex 1020 -20 515
      vertex 522.3096923828125 -7.043292045593262 515
      vertex 522.414794921875 -7.35295295715332 515
    endloop
  endfacet
  facet normal 0 0 1
    outer loop
      vertex 1020 -20 515
      vertex 522.1650390625 -6.75 515
      vertex 522.3096923828125 -7.043292045593262 515
    endloop
  endfacet
  facet normal 0 0 1
    outer loop
      vertex 1020 -20 515
      vertex 521.9833984375 -6.478096961975098 515
      vertex 522.1650390625 -6.75 515
    endloop
  endfacet
  facet normal 0 0 1
    outer loop
      vertex 1020 -20 515
      vertex 521.7677612304688 -6.232233047485352 515
      vertex 521.9833984375 -6.478096961975098 515
    endloop
  endfacet
  facet normal 0 0 1
    outer loop
      vertex 1020 520 515
      vertex 521.5219116210938 -6.0166168212890625 515
      vertex 521.7677612304688 -6.232233047485352 515
    endloop
  endfacet
  facet normal 0 0 1
    outer loop
      vertex 1020 520 515
      vertex 521.25 -5.83493709564209 515
      vertex 521.5219116210938 -6.0166168212890625 515
    endloop
  endfacet
  facet normal 0 0 1
    outer loop
      vertex 1020 520 515
      vertex 520.9567260742188 -5.690301895141602 515
      vertex 521.25 -5.83493709564209 515
    endloop
  endfacet
  facet normal 0 0 1
    outer loop
      vertex 1020 520 515
      vertex 520.6470336914062 -5.585186004638672 515
      vertex 520.9567260742188 -5.690301895141602 515
    endloop
  endfacet
  facet normal 0 0 1
    outer loop
      vertex 1020 520 515
      vertex 520.3262939453125 -5.521388053894043 515
      vertex 520.6470336914062 -5.585186004638672 515
    endloop
  endfacet
  facet normal 0 0 1
    outer loop
      vertex 1020 520 515
      vertex 520 -5.5 515
      vertex 520.3262939453125 -5.521388053894043 515
    endloop
  endfacet
  facet normal 0 0 1
    outer loop
      vertex 480 -5.5 515
      vertex 520 -5.5 515
      vertex 1020 520 515
    endloop
  endfacet
  facet normal 0 0 1
    outer loop
      vertex 520 -5.5 515
      vertex 480 -5.5 515
      vertex 519.6737060546875 -5.521388053894043 515
    endloop
  endfacet
  facet normal 0 0 1
    outer loop
      vertex 480.3263244628906 -5.521388053894043 515
      vertex 519.6737060546875 -5.521388053894043 515
      vertex 480 -5.5 515
    endloop
  endfacet
  facet normal 0 0 1
    outer loop
      vertex 519.6737060546875 -5.521388053894043 515
      vertex 480.3263244628906 -5.521388053894043 515
      vertex 519.3529663085938 -5.585186004638672 515
    endloop
  endfacet
  facet normal 0 0 1
    outer loop
      vertex 480.64703369140625 -5.585186004638672 515
      vertex 519.3529663085938 -5.585186004638672 515
      vertex 480.3263244628906 -5.521388053894043 515
    endloop
  endfacet
  facet normal 0 0 1
    outer loop
      vertex 519.3529663085938 -5.585186004638672 515
      vertex 480.64703369140625 -5.585186004638672 515
      vertex 519.0432739257812 -5.690301895141602 515
    endloop
  endfacet
  facet normal 0 0 1
    outer loop
      vertex 517.5213623046875 -7.673685073852539 515
      vertex 482.5 -8 515
      vertex 517.5 -8 515
    endloop
  endfacet
  facet normal 0 0 1
    outer loop
      vertex 482.4786071777344 -7.673685073852539 515
      vertex 517.5213623046875 -7.673685073852539 515
      vertex 517.585205078125 -7.35295295715332 515
    endloop
  endfacet
  facet normal 0 0 1
    outer loop
      vertex 482.4148254394531 -7.35295295715332 515
      vertex 517.585205078125 -7.35295295715332 515
      vertex 517.6903076171875 -7.043292045593262 515
    endloop
  endfacet
  facet normal 0 0 1
    outer loop
      vertex 482.3096923828125 -7.043292045593262 515
      vertex 517.6903076171875 -7.043292045593262 515
      vertex 517.8349609375 -6.75 515
    endloop
  endfacet
  facet normal 0 0 1
    outer loop
      vertex 482.1650695800781 -6.75 515
      vertex 517.8349609375 -6.75 515
      vertex 518.0166015625 -6.478096961975098 515
    endloop
  endfacet
  facet normal 0 0 1
    outer loop
      vertex 481.9833984375 -6.478096961975098 515
      vertex 518.0166015625 -6.478096961975098 515
      vertex 518.2322387695312 -6.232233047485352 515
    endloop
  endfacet
  facet normal 0 0 1
    outer loop
      vertex 519.0432739257812 -5.690301895141602 515
      vertex 480.9566955566406 -5.690301895141602 515
      vertex 518.75 -5.83493709564209 515
    endloop
  endfacet
  facet normal 0 0 1
    outer loop
      vertex 517.5213623046875 -7.673685073852539 515
      vertex 482.4786071777344 -7.673685073852539 515
      vertex 482.5 -8 515
    endloop
  endfacet
  facet normal 0 0 1
    outer loop
      vertex 517.585205078125 -7.35295295715332 515
      vertex 482.4148254394531 -7.35295295715332 515
      vertex 482.4786071777344 -7.673685073852539 515
    endloop
  endfacet
  facet normal 0 0 1
    outer loop
      vertex 517.6903076171875 -7.043292045593262 515
      vertex 482.3096923828125 -7.043292045593262 515
      vertex 482.4148254394531 -7.35295295715332 515
    endloop
  endfacet
  facet normal 0 0 1
    outer loop
      vertex 517.8349609375 -6.75 515
      vertex 482.1650695800781 -6.75 515
      vertex 482.3096923828125 -7.043292045593262 515
    endloop
  endfacet
  facet normal 0 0 1
    outer loop
      vertex 518.0166015625 -6.478096961975098 515
      vertex 481.9833984375 -6.478096961975098 515
      vertex 482.1650695800781 -6.75 515
    endloop
  endfacet
  facet normal 0 0 1
    outer loop
      vertex 518.2322387695312 -6.232233047485352 515
      vertex 481.76776123046875 -6.232233047485352 515
      vertex 481.9833984375 -6.478096961975098 515
    endloop
  endfacet
  facet normal 0 0 1
    outer loop
      vertex 518.2322387695312 -6.232233047485352 515
      vertex 481.52191162109375 -6.0166168212890625 515
      vertex 481.76776123046875 -6.232233047485352 515
    endloop
  endfacet
  facet normal 0 0 1
    outer loop
      vertex 518.4780883789062 -6.0166168212890625 515
      vertex 481.52191162109375 -6.0166168212890625 515
      vertex 518.2322387695312 -6.232233047485352 515
    endloop
  endfacet
  facet normal 0 0 1
    outer loop
      vertex 481.52191162109375 -6.0166168212890625 515
      vertex 518.4780883789062 -6.0166168212890625 515
      vertex 481.25 -5.83493709564209 515
    endloop
  endfacet
  facet normal 0 0 1
    outer loop
      vertex 518.75 -5.83493709564209 515
      vertex 481.25 -5.83493709564209 515
      vertex 518.4780883789062 -6.0166168212890625 515
    endloop
  endfacet
  facet normal 0 0 1
    outer loop
      vertex 481.25 -5.83493709564209 515
      vertex 518.75 -5.83493709564209 515
      vertex 480.9566955566406 -5.690301895141602 515
    endloop
  endfacet
  facet normal 0 0 1
    outer loop
      vertex 480.9566955566406 -5.690301895141602 515
      vertex 519.0432739257812 -5.690301895141602 515
      vertex 480.64703369140625 -5.585186004638672 515
    endloop
  endfacet
  facet normal 0 0 1
    outer loop
      vertex -20 520 515
      vertex 480 -5.5 515
      vertex 1020 520 515
    endloop
  endfacet
  facet normal 0 0 1
    outer loop
      vertex 480 -5.5 515
      vertex -20 520 515
      vertex 479.6736755371094 -5.521388053894043 515
    endloop
  endfacet
  facet normal 0 0 1
    outer loop
      vertex 479.6736755371094 -5.521388053894043 515
      vertex -20 520 515
      vertex 479.35296630859375 -5.585186004638672 515
    endloop
  endfacet
  facet normal 0 0 1
    outer loop
      vertex 479.35296630859375 -5.585186004638672 515
      vertex -20 520 515
      vertex 479.0433044433594 -5.690301895141602 515
    endloop
  endfacet
  facet normal 0 0 1
    outer loop
      vertex 479.0433044433594 -5.690301895141602 515
      vertex -20 520 515
      vertex 478.75 -5.83493709564209 515
    endloop
  endfacet
  facet normal 0 0 1
    outer loop
      vertex 478.75 -5.83493709564209 515
      vertex -20 520 515
      vertex 478.47808837890625 -6.0166168212890625 515
    endloop
  endfacet
  facet normal 0 0 1
    outer loop
      vertex 477.5851745605469 -7.35295295715332 515
      vertex -20 -20 515
      vertex 477.5213928222656 -7.673685073852539 515
    endloop
  endfacet
  facet normal 0 0 1
    outer loop
      vertex 477.6903076171875 -7.043292045593262 515
      vertex -20 -20 515
      vertex 477.5851745605469 -7.35295295715332 515
    endloop
  endfacet
  facet normal 0 0 1
    outer loop
      vertex 477.8349304199219 -6.75 515
      vertex -20 -20 515
      vertex 477.6903076171875 -7.043292045593262 515
    endloop
  endfacet
  facet normal 0 0 1
    outer loop
      vertex 478.0166015625 -6.478096961975098 515
      vertex -20 -20 515
      vertex 477.8349304199219 -6.75 515
    endloop
  endfacet
  facet normal 0 0 1
    outer loop
      vertex 478.23223876953125 -6.232233047485352 515
      vertex -20 -20 515
      vertex 478.0166015625 -6.478096961975098 515
    endloop
  endfacet
  facet normal 0 0 1
    outer loop
      vertex -20 -20 515
      vertex 478.23223876953125 -6.232233047485352 515
      vertex -20 520 515
    endloop
  endfacet
  facet normal 0 0 1
    outer loop
      vertex 478.47808837890625 -6.0166168212890625 515
      vertex -20 520 515
      vertex 478.23223876953125 -6.232233047485352 515
    endloop
  endfacet
  facet normal 0 0 1
    outer loop
      vertex 522.4786376953125 -8.326315879821777 515
      vertex 1020 -20 515
      vertex 522.5 -8 515
    endloop
  endfacet
  facet normal 0 0 1
    outer loop
      vertex 522.414794921875 -8.647047996520996 515
      vertex 1020 -20 515
      vertex 522.4786376953125 -8.326315879821777 515
    endloop
  endfacet
  facet normal 0 0 1
    outer loop
      vertex 522.3096923828125 -8.956708908081055 515
      vertex 1020 -20 515
      vertex 522.414794921875 -8.647047996520996 515
    endloop
  endfacet
  facet normal 0 0 1
    outer loop
      vertex 522.1650390625 -9.25 515
      vertex 1020 -20 515
      vertex 522.3096923828125 -8.956708908081055 515
    endloop
  endfacet
  facet normal 0 0 1
    outer loop
      vertex 521.9833984375 -9.521903991699219 515
      vertex 1020 -20 515
      vertex 522.1650390625 -9.25 515
    endloop
  endfacet
  facet normal 0 0 1
    outer loop
      vertex 521.7677612304688 -9.767767906188965 515
      vertex 1020 -20 515
      vertex 521.9833984375 -9.521903991699219 515
    endloop
  endfacet
  facet normal 0 0 1
    outer loop
      vertex 521.5219116210938 -9.983384132385254 515
      vertex 1020 -20 515
      vertex 521.7677612304688 -9.767767906188965 515
    endloop
  endfacet
  facet normal 0 0 1
    outer loop
      vertex 521.25 -10.165063858032227 515
      vertex 1020 -20 515
      vertex 521.5219116210938 -9.983384132385254 515
    endloop
  endfacet
  facet normal 0 0 1
    outer loop
      vertex 520.9567260742188 -10.309699058532715 515
      vertex 1020 -20 515
      vertex 521.25 -10.165063858032227 515
    endloop
  endfacet
  facet normal 0 0 1
    outer loop
      vertex 520.6470336914062 -10.414814949035645 515
      vertex 1020 -20 515
      vertex 520.9567260742188 -10.309699058532715 515
    endloop
  endfacet
  facet normal 0 0 1
    outer loop
      vertex 520.3262939453125 -10.478612899780273 515
      vertex 1020 -20 515
      vertex 520.6470336914062 -10.414814949035645 515
    endloop
  endfacet
  facet normal 0 0 1
    outer loop
      vertex 520 -10.5 515
      vertex 1020 -20 515
      vertex 520.3262939453125 -10.478612899780273 515
    endloop
  endfacet
  facet normal 0 0 1
    outer loop
      vertex 482.5 -8 515
      vertex 517.5213623046875 -8.326315879821777 515
      vertex 517.5 -8 515
    endloop
  endfacet
  facet normal 0 0 1
    outer loop
      vertex 482.4786071777344 -8.326315879821777 515
      vertex 517.5213623046875 -8.326315879821777 515
      vertex 482.5 -8 515
    endloop
  endfacet
  facet normal 0 0 1
    outer loop
      vertex 517.5213623046875 -8.326315879821777 515
      vertex 482.4786071777344 -8.326315879821777 515
      vertex 517.585205078125 -8.647047996520996 515
    endloop
  endfacet
  facet normal 0 0 1
    outer loop
      vertex 482.4148254394531 -8.647047996520996 515
      vertex 517.585205078125 -8.647047996520996 515
      vertex 482.4786071777344 -8.326315879821777 515
    endloop
  endfacet
  facet normal 0 0 1
    outer loop
      vertex 517.585205078125 -8.647047996520996 515
      vertex 482.4148254394531 -8.647047996520996 515
      vertex 517.6903076171875 -8.956708908081055 515
    endloop
  endfacet
  facet normal 0 0 1
    outer loop
      vertex 482.3096923828125 -8.956708908081055 515
      vertex 517.6903076171875 -8.956708908081055 515
      vertex 482.4148254394531 -8.647047996520996 515
    endloop
  endfacet
  facet normal 0 0 1
    outer loop
      vertex 517.6903076171875 -8.956708908081055 515
      vertex 482.3096923828125 -8.956708908081055 515
      vertex 517.8349609375 -9.25 515
    endloop
  endfacet
  facet normal 0 0 1
    outer loop
      vertex 482.1650695800781 -9.25 515
      vertex 517.8349609375 -9.25 515
      vertex 482.3096923828125 -8.956708908081055 515
    endloop
  endfacet
  facet normal 0 0 1
    outer loop
      vertex 517.8349609375 -9.25 515
      vertex 482.1650695800781 -9.25 515
      vertex 518.0166015625 -9.521903991699219 515
    endloop
  endfacet
  facet normal 0 0 1
    outer loop
      vertex 481.9833984375 -9.521903991699219 515
      vertex 518.0166015625 -9.521903991699219 515
      vertex 482.1650695800781 -9.25 515
    endloop
  endfacet
  facet normal 0 0 1
    outer loop
      vertex 518.0166015625 -9.521903991699219 515
      vertex 481.9833984375 -9.521903991699219 515
      vertex 518.2322387695312 -9.767767906188965 515
    endloop
  endfacet
  facet normal 0 0 1
    outer loop
      vertex 481.76776123046875 -9.767767906188965 515
      vertex 518.2322387695312 -9.767767906188965 515
      vertex 481.9833984375 -9.521903991699219 515
    endloop
  endfacet
  facet normal 0 0 1
    outer loop
      vertex 518.2322387695312 -9.767767906188965 515
      vertex 481.76776123046875 -9.767767906188965 515
      vertex 518.4780883789062 -9.983384132385254 515
    endloop
  endfacet
  facet normal 0 0 1
    outer loop
      vertex 481.52191162109375 -9.983384132385254 515
      vertex 518.4780883789062 -9.983384132385254 515
      vertex 481.76776123046875 -9.767767906188965 515
    endloop
  endfacet
  facet normal 0 0 1
    outer loop
      vertex 518.4780883789062 -9.983384132385254 515
      vertex 481.52191162109375 -9.983384132385254 515
      vertex 518.75 -10.165063858032227 515
    endloop
  endfacet
  facet normal 0 0 1
    outer loop
      vertex 481.25 -10.165063858032227 515
      vertex 518.75 -10.165063858032227 515
      vertex 481.52191162109375 -9.983384132385254 515
    endloop
  endfacet
  facet normal 0 0 1
    outer loop
      vertex 518.75 -10.165063858032227 515
      vertex 481.25 -10.165063858032227 515
      vertex 519.0432739257812 -10.309699058532715 515
    endloop
  endfacet
  facet normal 0 0 1
    outer loop
      vertex 480.9566955566406 -10.309699058532715 515
      vertex 519.0432739257812 -10.309699058532715 515
      vertex 481.25 -10.165063858032227 515
    endloop
  endfacet
  facet normal 0 0 1
    outer loop
      vertex 519.0432739257812 -10.309699058532715 515
      vertex 480.9566955566406 -10.309699058532715 515
      vertex 519.3529663085938 -10.414814949035645 515
    endloop
  endfacet
  facet normal 0 0 1
    outer loop
      vertex 480.64703369140625 -10.414814949035645 515
      vertex 519.3529663085938 -10.414814949035645 515
      vertex 480.9566955566406 -10.309699058532715 515
    endloop
  endfacet
  facet normal 0 0 1
    outer loop
      vertex 519.3529663085938 -10.414814949035645 515
      vertex 480.64703369140625 -10.414814949035645 515
      vertex 519.6737060546875 -10.478612899780273 515
    endloop
  endfacet
  facet normal 0 0 1
    outer loop
      vertex 480.3263244628906 -10.478612899780273 515
      vertex 519.6737060546875 -10.478612899780273 515
      vertex 480.64703369140625 -10.414814949035645 515
    endloop
  endfacet
  facet normal 0 0 1
    outer loop
      vertex 519.6737060546875 -10.478612899780273 515
      vertex 480.3263244628906 -10.478612899780273 515
      vertex 520 -10.5 515
    endloop
  endfacet
  facet normal 0 0 1
    outer loop
      vertex 480 -10.5 515
      vertex 520 -10.5 515
      vertex 480.3263244628906 -10.478612899780273 515
    endloop
  endfacet
  facet normal 0 0 1
    outer loop
      vertex 520 -10.5 515
      vertex 480 -10.5 515
      vertex 1020 -20 515
    endloop
  endfacet
  facet normal 0 0 1
    outer loop
      vertex 477.5213928222656 -7.673685073852539 515
      vertex -20 -20 515
      vertex 477.5 -8 515
    endloop
  endfacet
  facet normal 0 0 1
    outer loop
      vertex 477.5 -8 515
      vertex -20 -20 515
      vertex 477.5213928222656 -8.326315879821777 515
    endloop
  endfacet
  facet normal 0 0 1
    outer loop
      vertex 477.5213928222656 -8.326315879821777 515
      vertex -20 -20 515
      vertex 477.5851745605469 -8.647047996520996 515
    endloop
  endfacet
  facet normal 0 0 1
    outer loop
      vertex 477.5851745605469 -8.647047996520996 515
      vertex -20 -20 515
      vertex 477.6903076171875 -8.956708908081055 515
    endloop
  endfacet
  facet normal 0 0 1
    outer loop
      vertex 477.6903076171875 -8.956708908081055 515
      vertex -20 -20 515
      vertex 477.8349304199219 -9.25 515
    endloop
  endfacet
  facet normal 0 0 1
    outer loop
      vertex 477.8349304199219 -9.25 515
      vertex -20 -20 515
      vertex 478.0166015625 -9.521903991699219 515
    endloop
  endfacet
  facet normal 0 0 1
    outer loop
      vertex 480 -10.5 515
      vertex -20 -20 515
      vertex 1020 -20 515
    endloop
  endfacet
  facet normal 0 0 1
    outer loop
      vertex 479.6736755371094 -10.478612899780273 515
      vertex -20 -20 515
      vertex 480 -10.5 515
    endloop
  endfacet
  facet normal 0 0 1
    outer loop
      vertex 479.35296630859375 -10.414814949035645 515
      vertex -20 -20 515
      vertex 479.6736755371094 -10.478612899780273 515
    endloop
  endfacet
  facet normal 0 0 1
    outer loop
      vertex 479.0433044433594 -10.309699058532715 515
      vertex -20 -20 515
      vertex 479.35296630859375 -10.414814949035645 515
    endloop
  endfacet
  facet normal 0 0 1
    outer loop
      vertex 478.75 -10.165063858032227 515
      vertex -20 -20 515
      vertex 479.0433044433594 -10.309699058532715 515
    endloop
  endfacet
  facet normal 0 0 1
    outer loop
      vertex 478.47808837890625 -9.983384132385254 515
      vertex -20 -20 515
      vertex 478.75 -10.165063858032227 515
    endloop
  endfacet
  facet normal 0 0 1
    outer loop
      vertex 478.23223876953125 -9.767767906188965 515
      vertex -20 -20 515
      vertex 478.47808837890625 -9.983384132385254 515
    endloop
  endfacet
  facet normal 0 0 1
    outer loop
      vertex 478.0166015625 -9.521903991699219 515
      vertex -20 -20 515
      vertex 478.23223876953125 -9.767767906188965 515
    endloop
  endfacet
  facet normal -1 0 0
    outer loop
      vertex -20 -20 500
      vertex -20 520 515
      vertex -20 520 500
    endloop
  endfacet
  facet normal -1 0 0
    outer loop
      vertex -20 520 515
      vertex -20 -20 500
      vertex -20 -20 515
    endloop
  endfacet
  facet normal 0 1 0
    outer loop
      vertex 1020 520 500
      vertex -20 520 515
      vertex 1020 520 515
    endloop
  endfacet
  facet normal 0 1 0
    outer loop
      vertex -20 520 515
      vertex 1020 520 500
      vertex -20 520 500
    endloop
  endfacet
  facet normal 0 -1 0
    outer loop
      vertex -20 -20 500
      vertex 1020 -20 515
      vertex -20 -20 515
    endloop
  endfacet
  facet normal 0 -1 0
    outer loop
      vertex 1020 -20 515
      vertex -20 -20 500
      vertex 1020 -20 500
    endloop
  endfacet
  facet normal 0 0 -1
    outer loop
      vertex 35 467 470
      vertex 965 485 470
      vertex 965 467 470
    endloop
  endfacet
  facet normal 0 0 -1
    outer loop
      vertex 965 485 470
      vertex 35 467 470
      vertex 35 485 470
    endloop
  endfacet
  facet normal 0 -1 0
    outer loop
      vertex 35 467 470
      vertex 965 467 500
      vertex 35 467 500
    endloop
  endfacet
  facet normal 0 -1 0
    outer loop
      vertex 965 467 500
      vertex 35 467 470
      vertex 965 467 470
    endloop
  endfacet
  facet normal 0.32143382828082484 0 -0.9469320429876334
    outer loop
      vertex 501.2940979003906 16 84.67037200927734
      vertex 501.9134216308594 19.125661849975586 84.88059997558594
      vertex 501.9134216308594 16 84.88059997558594
    endloop
  endfacet
  facet normal 0.3214338282808249 0 -0.9469320429876336
    outer loop
      vertex 501.9134216308594 19.125661849975586 84.88059997558594
      vertex 501.2940979003906 16 84.67037200927734
      vertex 501.2940979003906 19.132488250732422 84.67037200927734
    endloop
  endfacet
  facet normal 0.9978579478206723 0 -0.06541800953190632
    outer loop
      vertex 504.95721435546875 16 88.84736633300781
      vertex 505 18.97568130493164 89.5
      vertex 505 16 89.5
    endloop
  endfacet
  facet normal 0.9978579478206722 0 -0.06541800953190631
    outer loop
      vertex 505 18.97568130493164 89.5
      vertex 504.95721435546875 16 88.84736633300781
      vertex 504.95721435546875 18.996870040893555 88.84736633300781
    endloop
  endfacet
  facet normal 0.9978522833223628 -0.0000031731241433533967 0.06550435602521572
    outer loop
      vertex 504.95721435546875 33 90.15263366699219
      vertex 504.9999084472656 18.975629806518555 89.50157928466797
      vertex 504.9700622558594 33 89.95691680908203
    endloop
  endfacet
  facet normal 0.9978567487839455 0 0.06543629655118016
    outer loop
      vertex 504.9999084472656 18.975629806518555 89.50157928466797
      vertex 504.95721435546875 33 90.15263366699219
      vertex 504.95721435546875 16 90.15263366699219
    endloop
  endfacet
  facet normal 0.9978579478126162 -0.000004018321027593685 0.06541800953137816
    outer loop
      vertex 505 16 89.5
      vertex 504.9999084472656 18.975629806518555 89.50157928466797
      vertex 504.95721435546875 16 90.15263366699219
    endloop
  endfacet
  facet normal 0.9983239041225 0 0.05787384951434783
    outer loop
      vertex 504.9999084472656 18.975629806518555 89.50157928466797
      vertex 505 16 89.5
      vertex 505 18.97568130493164 89.5
    endloop
  endfacet
  facet normal 0.9807856241901909 0 -0.19508859367440654
    outer loop
      vertex 504.8296203613281 16 88.20590209960938
      vertex 504.95721435546875 18.996870040893555 88.84736633300781
      vertex 504.95721435546875 16 88.84736633300781
    endloop
  endfacet
  facet normal 0.9807856241901909 0 -0.19508859367440654
    outer loop
      vertex 504.95721435546875 18.996870040893555 88.84736633300781
      vertex 504.8296203613281 16 88.20590209960938
      vertex 504.8296203613281 19.017696380615234 88.20590209960938
    endloop
  endfacet
  facet normal -0.5555559321047435 0 -0.8314791676904657
    outer loop
      vertex 496.9561767578125 19.104473114013672 85.53323364257812
      vertex 497.5 16 85.16987609863281
      vertex 496.9561767578125 16 85.53323364257812
    endloop
  endfacet
  facet normal -0.5555559321047435 0 -0.8314791676904657
    outer loop
      vertex 497.5 16 85.16987609863281
      vertex 496.9561767578125 19.104473114013672 85.53323364257812
      vertex 497.5 19.116270065307617 85.16987609863281
    endloop
  endfacet
  facet normal 0.8314611896551201 0 -0.5555828381954327
    outer loop
      vertex 503.9667663574219 16 86.45619201660156
      vertex 504.33013916015625 19.05685043334961 87
      vertex 504.33013916015625 16 87
    endloop
  endfacet
  facet normal 0.8314611896551201 0 -0.5555828381954327
    outer loop
      vertex 504.33013916015625 19.05685043334961 87
      vertex 503.9667663574219 16 86.45619201660156
      vertex 503.9667663574219 19.074506759643555 86.45619201660156
    endloop
  endfacet
  facet normal -0.19508412973856923 0 -0.980786512103498
    outer loop
      vertex 498.7059020996094 16 84.67037200927734
      vertex 499.3473815917969 19.13663101196289 84.54277801513672
      vertex 499.3473815917969 16 84.54277801513672
    endloop
  endfacet
  facet normal -0.19508412973856923 0 -0.980786512103498
    outer loop
      vertex 499.3473815917969 19.13663101196289 84.54277801513672
      vertex 498.7059020996094 16 84.67037200927734
      vertex 498.7059020996094 19.132488250732422 84.67037200927734
    endloop
  endfacet
  facet normal 0.8968865906379136 0 -0.4422606059032384
    outer loop
      vertex 504.33013916015625 16 87
      vertex 504.619384765625 19.037805557250977 87.58657836914062
      vertex 504.619384765625 16 87.58657836914062
    endloop
  endfacet
  facet normal 0.8968865906379136 0 -0.4422606059032384
    outer loop
      vertex 504.619384765625 19.037805557250977 87.58657836914062
      vertex 504.33013916015625 16 87
      vertex 504.33013916015625 19.05685043334961 87
    endloop
  endfacet
  facet normal -0.6593630975769338 0 -0.7518246508021342
    outer loop
      vertex 496.4644775390625 19.090471267700195 85.96446228027344
      vertex 496.9561767578125 16 85.53323364257812
      vertex 496.4644775390625 16 85.96446228027344
    endloop
  endfacet
  facet normal -0.6593630975769337 0 -0.7518246508021341
    outer loop
      vertex 496.9561767578125 16 85.53323364257812
      vertex 496.4644775390625 19.090471267700195 85.96446228027344
      vertex 496.9561767578125 19.104473114013672 85.53323364257812
    endloop
  endfacet
  facet normal 0.32143382828082484 0 0.9469320429876334
    outer loop
      vertex 501.2940979003906 33 94.32962799072266
      vertex 501.9134216308594 16 94.11940002441406
      vertex 501.9134216308594 33 94.11940002441406
    endloop
  endfacet
  facet normal 0.32143382828082484 0 0.9469320429876334
    outer loop
      vertex 501.9134216308594 16 94.11940002441406
      vertex 501.2940979003906 33 94.32962799072266
      vertex 501.2940979003906 16 94.32962799072266
    endloop
  endfacet
  facet normal 0.6593399663361158 0 -0.751844936667056
    outer loop
      vertex 503.0437927246094 16 85.53323364257812
      vertex 503.5355224609375 19.090471267700195 85.96446228027344
      vertex 503.5355224609375 16 85.96446228027344
    endloop
  endfacet
  facet normal 0.6593399663361159 0 -0.751844936667056
    outer loop
      vertex 503.5355224609375 19.090471267700195 85.96446228027344
      vertex 503.0437927246094 16 85.53323364257812
      vertex 503.0437927246094 19.104473114013672 85.53323364257812
    endloop
  endfacet
  facet normal 0.9807856241901908 0 0.1950885936744065
    outer loop
      vertex 504.8296203613281 16 90.79409790039062
      vertex 504.95721435546875 33 90.15263366699219
      vertex 504.8296203613281 33 90.79409790039062
    endloop
  endfacet
  facet normal 0.9807856241901908 0 0.1950885936744065
    outer loop
      vertex 504.95721435546875 33 90.15263366699219
      vertex 504.8296203613281 16 90.79409790039062
      vertex 504.95721435546875 16 90.15263366699219
    endloop
  endfacet
  facet normal -0.06540791703303826 0 -0.9978586094178872
    outer loop
      vertex 499.3473815917969 16 84.54277801513672
      vertex 500 19.138019561767578 84.5
      vertex 500 16 84.5
    endloop
  endfacet
  facet normal -0.06540791703303826 0 -0.9978586094178872
    outer loop
      vertex 500 19.138019561767578 84.5
      vertex 499.3473815917969 16 84.54277801513672
      vertex 499.3473815917969 19.13663101196289 84.54277801513672
    endloop
  endfacet
  facet normal 0.9469284923447279 0 -0.32144428815230264
    outer loop
      vertex 504.619384765625 16 87.58657836914062
      vertex 504.8296203613281 19.017696380615234 88.20590209960938
      vertex 504.8296203613281 16 88.20590209960938
    endloop
  endfacet
  facet normal 0.9469284923447279 0 -0.3214442881523027
    outer loop
      vertex 504.8296203613281 19.017696380615234 88.20590209960938
      vertex 504.619384765625 16 87.58657836914062
      vertex 504.619384765625 19.037805557250977 87.58657836914062
    endloop
  endfacet
  facet normal 0.6593399663361159 0 0.751844936667056
    outer loop
      vertex 503.0437927246094 33 93.46676635742188
      vertex 503.5355224609375 16 93.03553771972656
      vertex 503.5355224609375 33 93.03553771972656
    endloop
  endfacet
  facet normal 0.6593399663361159 0 0.751844936667056
    outer loop
      vertex 503.5355224609375 16 93.03553771972656
      vertex 503.0437927246094 33 93.46676635742188
      vertex 503.0437927246094 16 93.46676635742188
    endloop
  endfacet
  facet normal -0.751833371358605 0 0.6593531540165362
    outer loop
      vertex 496.0332336425781 16 92.54380798339844
      vertex 496.4644775390625 33 93.03553771972656
      vertex 496.0332336425781 33 92.54380798339844
    endloop
  endfacet
  facet normal -0.751833371358605 0 0.6593531540165362
    outer loop
      vertex 496.4644775390625 33 93.03553771972656
      vertex 496.0332336425781 16 92.54380798339844
      vertex 496.4644775390625 16 93.03553771972656
    endloop
  endfacet
  facet normal 0.06540791703303826 0 -0.9978586094178872
    outer loop
      vertex 500 16 84.5
      vertex 500.6526184082031 19.13663101196289 84.54277801513672
      vertex 500.6526184082031 16 84.54277801513672
    endloop
  endfacet
  facet normal 0.06540791703303826 0 -0.9978586094178872
    outer loop
      vertex 500.6526184082031 19.13663101196289 84.54277801513672
      vertex 500 16 84.5
      vertex 500 19.138019561767578 84.5
    endloop
  endfacet
  facet normal -0.9983239041225 0 0.05787384951434783
    outer loop
      vertex 495 18.97568130493164 89.5
      vertex 495 16 89.5
      vertex 495.0000915527344 18.975629806518555 89.50157928466797
    endloop
  endfacet
  facet normal -0.9978522833223628 -0.0000031731241433533967 0.06550435602521572
    outer loop
      vertex 495.0000915527344 18.975629806518555 89.50157928466797
      vertex 495.04278564453125 33 90.15263366699219
      vertex 495.0299377441406 33 89.95691680908203
    endloop
  endfacet
  facet normal -0.9978579478126162 -0.000004018321027593685 0.06541800953137816
    outer loop
      vertex 495.04278564453125 16 90.15263366699219
      vertex 495.0000915527344 18.975629806518555 89.50157928466797
      vertex 495 16 89.5
    endloop
  endfacet
  facet normal -0.9978567487839455 0 0.06543629655118016
    outer loop
      vertex 495.0000915527344 18.975629806518555 89.50157928466797
      vertex 495.04278564453125 16 90.15263366699219
      vertex 495.04278564453125 33 90.15263366699219
    endloop
  endfacet
  facet normal 0.4422981397580944 0 0.8968680814738191
    outer loop
      vertex 501.9134216308594 33 94.11940002441406
      vertex 502.5 16 93.83012390136719
      vertex 502.5 33 93.83012390136719
    endloop
  endfacet
  facet normal 0.4422981397580944 0 0.8968680814738191
    outer loop
      vertex 502.5 16 93.83012390136719
      vertex 501.9134216308594 33 94.11940002441406
      vertex 501.9134216308594 16 94.11940002441406
    endloop
  endfacet
  facet normal -0.32143382828082484 0 0.9469320429876334
    outer loop
      vertex 498.0865783691406 33 94.11940002441406
      vertex 498.7059020996094 16 94.32962799072266
      vertex 498.7059020996094 33 94.32962799072266
    endloop
  endfacet
  facet normal -0.32143382828082484 0 0.9469320429876334
    outer loop
      vertex 498.7059020996094 16 94.32962799072266
      vertex 498.0865783691406 33 94.11940002441406
      vertex 498.0865783691406 16 94.11940002441406
    endloop
  endfacet
  facet normal -0.9807856241901909 0 -0.19508859367440654
    outer loop
      vertex 495.1703796386719 16 88.20590209960938
      vertex 495.04278564453125 18.996870040893555 88.84736633300781
      vertex 495.1703796386719 19.017696380615234 88.20590209960938
    endloop
  endfacet
  facet normal -0.9807856241901909 0 -0.19508859367440654
    outer loop
      vertex 495.04278564453125 18.996870040893555 88.84736633300781
      vertex 495.1703796386719 16 88.20590209960938
      vertex 495.04278564453125 16 88.84736633300781
    endloop
  endfacet
  facet normal -0.8968865906379136 0 -0.4422606059032384
    outer loop
      vertex 495.66986083984375 16 87
      vertex 495.380615234375 19.037805557250977 87.58657836914062
      vertex 495.66986083984375 19.05685043334961 87
    endloop
  endfacet
  facet normal -0.8968865906379136 0 -0.4422606059032384
    outer loop
      vertex 495.380615234375 19.037805557250977 87.58657836914062
      vertex 495.66986083984375 16 87
      vertex 495.380615234375 16 87.58657836914062
    endloop
  endfacet
  facet normal 0.19508412973856923 0 -0.980786512103498
    outer loop
      vertex 500.6526184082031 16 84.54277801513672
      vertex 501.2940979003906 19.132488250732422 84.67037200927734
      vertex 501.2940979003906 16 84.67037200927734
    endloop
  endfacet
  facet normal 0.19508412973856923 0 -0.980786512103498
    outer loop
      vertex 501.2940979003906 19.132488250732422 84.67037200927734
      vertex 500.6526184082031 16 84.54277801513672
      vertex 500.6526184082031 19.13663101196289 84.54277801513672
    endloop
  endfacet
  facet normal -0.32143382828082484 0 -0.9469320429876334
    outer loop
      vertex 498.0865783691406 19.125661849975586 84.88059997558594
      vertex 498.7059020996094 16 84.67037200927734
      vertex 498.0865783691406 16 84.88059997558594
    endloop
  endfacet
  facet normal -0.3214338282808249 0 -0.9469320429876336
    outer loop
      vertex 498.7059020996094 16 84.67037200927734
      vertex 498.0865783691406 19.125661849975586 84.88059997558594
      vertex 498.7059020996094 19.132488250732422 84.67037200927734
    endloop
  endfacet
  facet normal 0.5555774865039986 0 0.8314647656334567
    outer loop
      vertex 502.5 33 93.83012390136719
      vertex 503.0437927246094 16 93.46676635742188
      vertex 503.0437927246094 33 93.46676635742188
    endloop
  endfacet
  facet normal 0.5555774865039986 0 0.8314647656334567
    outer loop
      vertex 503.0437927246094 16 93.46676635742188
      vertex 502.5 33 93.83012390136719
      vertex 502.5 16 93.83012390136719
    endloop
  endfacet
  facet normal -0.06540791703303826 0 0.9978586094178871
    outer loop
      vertex 499.3473815917969 33 94.45722198486328
      vertex 500 16 94.5
      vertex 500 33 94.5
    endloop
  endfacet
  facet normal -0.06540791703303826 0 0.9978586094178871
    outer loop
      vertex 500 16 94.5
      vertex 499.3473815917969 33 94.45722198486328
      vertex 499.3473815917969 16 94.45722198486328
    endloop
  endfacet
  facet normal 0.8968888722996446 0 0.4422559787555977
    outer loop
      vertex 504.33013916015625 16 92
      vertex 504.619384765625 33 91.41341400146484
      vertex 504.33013916015625 33 92
    endloop
  endfacet
  facet normal 0.8968888722996446 0 0.4422559787555977
    outer loop
      vertex 504.619384765625 33 91.41341400146484
      vertex 504.33013916015625 16 92
      vertex 504.619384765625 16 91.41341400146484
    endloop
  endfacet
  facet normal 0.8314611896551201 0 0.5555828381954327
    outer loop
      vertex 503.9667663574219 16 92.54380798339844
      vertex 504.33013916015625 33 92
      vertex 503.9667663574219 33 92.54380798339844
    endloop
  endfacet
  facet normal 0.8314611896551201 0 0.5555828381954327
    outer loop
      vertex 504.33013916015625 33 92
      vertex 503.9667663574219 16 92.54380798339844
      vertex 504.33013916015625 16 92
    endloop
  endfacet
  facet normal -0.5555559321047435 0 0.8314791676904657
    outer loop
      vertex 496.9561767578125 33 93.46676635742188
      vertex 497.5 16 93.83012390136719
      vertex 497.5 33 93.83012390136719
    endloop
  endfacet
  facet normal -0.5555559321047435 0 0.8314791676904657
    outer loop
      vertex 497.5 16 93.83012390136719
      vertex 496.9561767578125 33 93.46676635742188
      vertex 496.9561767578125 16 93.46676635742188
    endloop
  endfacet
  facet normal 0.5555774865039987 0 -0.8314647656334567
    outer loop
      vertex 502.5 16 85.16987609863281
      vertex 503.0437927246094 19.104473114013672 85.53323364257812
      vertex 503.0437927246094 16 85.53323364257812
    endloop
  endfacet
  facet normal 0.5555774865039987 0 -0.8314647656334568
    outer loop
      vertex 503.0437927246094 19.104473114013672 85.53323364257812
      vertex 502.5 16 85.16987609863281
      vertex 502.5 19.116270065307617 85.16987609863281
    endloop
  endfacet
  facet normal -0.9807856241901908 0 0.1950885936744065
    outer loop
      vertex 495.04278564453125 16 90.15263366699219
      vertex 495.1703796386719 33 90.79409790039062
      vertex 495.04278564453125 33 90.15263366699219
    endloop
  endfacet
  facet normal -0.9807856241901908 0 0.1950885936744065
    outer loop
      vertex 495.1703796386719 33 90.79409790039062
      vertex 495.04278564453125 16 90.15263366699219
      vertex 495.1703796386719 16 90.79409790039062
    endloop
  endfacet
  facet normal 0.9469272870086418 0 0.3214478388766262
    outer loop
      vertex 504.619384765625 16 91.41341400146484
      vertex 504.8296203613281 33 90.79409790039062
      vertex 504.619384765625 33 91.41341400146484
    endloop
  endfacet
  facet normal 0.9469272870086418 0 0.3214478388766262
    outer loop
      vertex 504.8296203613281 33 90.79409790039062
      vertex 504.619384765625 16 91.41341400146484
      vertex 504.8296203613281 16 90.79409790039062
    endloop
  endfacet
  facet normal -0.9469272870086418 0 0.3214478388766262
    outer loop
      vertex 495.1703796386719 16 90.79409790039062
      vertex 495.380615234375 33 91.41341400146484
      vertex 495.1703796386719 33 90.79409790039062
    endloop
  endfacet
  facet normal -0.9469272870086418 0 0.3214478388766262
    outer loop
      vertex 495.380615234375 33 91.41341400146484
      vertex 495.1703796386719 16 90.79409790039062
      vertex 495.380615234375 16 91.41341400146484
    endloop
  endfacet
  facet normal -0.9978579478206722 0 -0.06541800953190631
    outer loop
      vertex 495.04278564453125 16 88.84736633300781
      vertex 495 18.97568130493164 89.5
      vertex 495.04278564453125 18.996870040893555 88.84736633300781
    endloop
  endfacet
  facet normal -0.9978579478206723 0 -0.06541800953190632
    outer loop
      vertex 495 18.97568130493164 89.5
      vertex 495.04278564453125 16 88.84736633300781
      vertex 495 16 89.5
    endloop
  endfacet
  facet normal -0.19508412973856923 0 0.980786512103498
    outer loop
      vertex 498.7059020996094 33 94.32962799072266
      vertex 499.3473815917969 16 94.45722198486328
      vertex 499.3473815917969 33 94.45722198486328
    endloop
  endfacet
  facet normal -0.19508412973856923 0 0.980786512103498
    outer loop
      vertex 499.3473815917969 16 94.45722198486328
      vertex 498.7059020996094 33 94.32962799072266
      vertex 498.7059020996094 16 94.32962799072266
    endloop
  endfacet
  facet normal 0.06540791703303826 0 0.9978586094178871
    outer loop
      vertex 500 33 94.5
      vertex 500.6526184082031 16 94.45722198486328
      vertex 500.6526184082031 33 94.45722198486328
    endloop
  endfacet
  facet normal 0.06540791703303826 0 0.9978586094178871
    outer loop
      vertex 500.6526184082031 16 94.45722198486328
      vertex 500 33 94.5
      vertex 500 16 94.5
    endloop
  endfacet
  facet normal -0.4422981397580944 0 0.8968680814738191
    outer loop
      vertex 497.5 33 93.83012390136719
      vertex 498.0865783691406 16 94.11940002441406
      vertex 498.0865783691406 33 94.11940002441406
    endloop
  endfacet
  facet normal -0.4422981397580944 0 0.8968680814738191
    outer loop
      vertex 498.0865783691406 16 94.11940002441406
      vertex 497.5 33 93.83012390136719
      vertex 497.5 16 93.83012390136719
    endloop
  endfacet
  facet normal -0.8314611896551201 0 0.5555828381954327
    outer loop
      vertex 495.66986083984375 16 92
      vertex 496.0332336425781 33 92.54380798339844
      vertex 495.66986083984375 33 92
    endloop
  endfacet
  facet normal -0.8314611896551201 0 0.5555828381954327
    outer loop
      vertex 496.0332336425781 33 92.54380798339844
      vertex 495.66986083984375 16 92
      vertex 496.0332336425781 16 92.54380798339844
    endloop
  endfacet
  facet normal 0.751833371358605 0 -0.6593531540165362
    outer loop
      vertex 503.5355224609375 16 85.96446228027344
      vertex 503.9667663574219 19.074506759643555 86.45619201660156
      vertex 503.9667663574219 16 86.45619201660156
    endloop
  endfacet
  facet normal 0.751833371358605 0 -0.659353154016536
    outer loop
      vertex 503.9667663574219 19.074506759643555 86.45619201660156
      vertex 503.5355224609375 16 85.96446228027344
      vertex 503.5355224609375 19.090471267700195 85.96446228027344
    endloop
  endfacet
  facet normal -0.751833371358605 0 -0.659353154016536
    outer loop
      vertex 496.4644775390625 16 85.96446228027344
      vertex 496.0332336425781 19.074506759643555 86.45619201660156
      vertex 496.4644775390625 19.090471267700195 85.96446228027344
    endloop
  endfacet
  facet normal -0.751833371358605 0 -0.6593531540165362
    outer loop
      vertex 496.0332336425781 19.074506759643555 86.45619201660156
      vertex 496.4644775390625 16 85.96446228027344
      vertex 496.0332336425781 16 86.45619201660156
    endloop
  endfacet
  facet normal -0.6593630975769338 0 0.7518246508021341
    outer loop
      vertex 496.4644775390625 33 93.03553771972656
      vertex 496.9561767578125 16 93.46676635742188
      vertex 496.9561767578125 33 93.46676635742188
    endloop
  endfacet
  facet normal -0.6593630975769338 0 0.7518246508021341
    outer loop
      vertex 496.9561767578125 16 93.46676635742188
      vertex 496.4644775390625 33 93.03553771972656
      vertex 496.4644775390625 16 93.03553771972656
    endloop
  endfacet
  facet normal 0.751833371358605 0 0.6593531540165362
    outer loop
      vertex 503.5355224609375 16 93.03553771972656
      vertex 503.9667663574219 33 92.54380798339844
      vertex 503.5355224609375 33 93.03553771972656
    endloop
  endfacet
  facet normal 0.751833371358605 0 0.6593531540165362
    outer loop
      vertex 503.9667663574219 33 92.54380798339844
      vertex 503.5355224609375 16 93.03553771972656
      vertex 503.9667663574219 16 92.54380798339844
    endloop
  endfacet
  facet normal 0.44229813975809434 0 -0.8968680814738191
    outer loop
      vertex 501.9134216308594 16 84.88059997558594
      vertex 502.5 19.116270065307617 85.16987609863281
      vertex 502.5 16 85.16987609863281
    endloop
  endfacet
  facet normal 0.44229813975809434 0 -0.8968680814738191
    outer loop
      vertex 502.5 19.116270065307617 85.16987609863281
      vertex 501.9134216308594 16 84.88059997558594
      vertex 501.9134216308594 19.125661849975586 84.88059997558594
    endloop
  endfacet
  facet normal 0.19508412973856923 0 0.980786512103498
    outer loop
      vertex 500.6526184082031 33 94.45722198486328
      vertex 501.2940979003906 16 94.32962799072266
      vertex 501.2940979003906 33 94.32962799072266
    endloop
  endfacet
  facet normal 0.19508412973856923 0 0.980786512103498
    outer loop
      vertex 501.2940979003906 16 94.32962799072266
      vertex 500.6526184082031 33 94.45722198486328
      vertex 500.6526184082031 16 94.45722198486328
    endloop
  endfacet
  facet normal -0.44229813975809434 0 -0.8968680814738191
    outer loop
      vertex 497.5 19.116270065307617 85.16987609863281
      vertex 498.0865783691406 16 84.88059997558594
      vertex 497.5 16 85.16987609863281
    endloop
  endfacet
  facet normal -0.44229813975809434 0 -0.8968680814738191
    outer loop
      vertex 498.0865783691406 16 84.88059997558594
      vertex 497.5 19.116270065307617 85.16987609863281
      vertex 498.0865783691406 19.125661849975586 84.88059997558594
    endloop
  endfacet
  facet normal -0.9469284923447279 0 -0.3214442881523027
    outer loop
      vertex 495.380615234375 16 87.58657836914062
      vertex 495.1703796386719 19.017696380615234 88.20590209960938
      vertex 495.380615234375 19.037805557250977 87.58657836914062
    endloop
  endfacet
  facet normal -0.9469284923447279 0 -0.32144428815230264
    outer loop
      vertex 495.1703796386719 19.017696380615234 88.20590209960938
      vertex 495.380615234375 16 87.58657836914062
      vertex 495.1703796386719 16 88.20590209960938
    endloop
  endfacet
  facet normal -0.8968888722996446 0 0.4422559787555977
    outer loop
      vertex 495.380615234375 16 91.41341400146484
      vertex 495.66986083984375 33 92
      vertex 495.380615234375 33 91.41341400146484
    endloop
  endfacet
  facet normal -0.8968888722996446 0 0.4422559787555977
    outer loop
      vertex 495.66986083984375 33 92
      vertex 495.380615234375 16 91.41341400146484
      vertex 495.66986083984375 16 92
    endloop
  endfacet
  facet normal 0 -1 0
    outer loop
      vertex 499.3473815917969 16 94.45722198486328
      vertex 500.6526184082031 16 94.45722198486328
      vertex 500 16 94.5
    endloop
  endfacet
  facet normal 0 -1 0
    outer loop
      vertex 498.7059020996094 16 94.32962799072266
      vertex 500.6526184082031 16 94.45722198486328
      vertex 499.3473815917969 16 94.45722198486328
    endloop
  endfacet
  facet normal 0 -1 0
    outer loop
      vertex 498.7059020996094 16 94.32962799072266
      vertex 501.2940979003906 16 94.32962799072266
      vertex 500.6526184082031 16 94.45722198486328
    endloop
  endfacet
  facet normal 0 -1 0
    outer loop
      vertex 498.0865783691406 16 94.11940002441406
      vertex 501.2940979003906 16 94.32962799072266
      vertex 498.7059020996094 16 94.32962799072266
    endloop
  endfacet
  facet normal 0 -1 0
    outer loop
      vertex 498.0865783691406 16 94.11940002441406
      vertex 501.9134216308594 16 94.11940002441406
      vertex 501.2940979003906 16 94.32962799072266
    endloop
  endfacet
  facet normal 0 -1 0
    outer loop
      vertex 497.5 16 93.83012390136719
      vertex 501.9134216308594 16 94.11940002441406
      vertex 498.0865783691406 16 94.11940002441406
    endloop
  endfacet
  facet normal 0 -1 0
    outer loop
      vertex 497.5 16 93.83012390136719
      vertex 502.5 16 93.83012390136719
      vertex 501.9134216308594 16 94.11940002441406
    endloop
  endfacet
  facet normal 0 -1 0
    outer loop
      vertex 496.9561767578125 16 93.46676635742188
      vertex 502.5 16 93.83012390136719
      vertex 497.5 16 93.83012390136719
    endloop
  endfacet
  facet normal 0 -1 0
    outer loop
      vertex 496.9561767578125 16 93.46676635742188
      vertex 503.0437927246094 16 93.46676635742188
      vertex 502.5 16 93.83012390136719
    endloop
  endfacet
  facet normal 0 -1 0
    outer loop
      vertex 496.4644775390625 16 93.03553771972656
      vertex 503.0437927246094 16 93.46676635742188
      vertex 496.9561767578125 16 93.46676635742188
    endloop
  endfacet
  facet normal 0 -1 0
    outer loop
      vertex 496.4644775390625 16 93.03553771972656
      vertex 503.5355224609375 16 93.03553771972656
      vertex 503.0437927246094 16 93.46676635742188
    endloop
  endfacet
  facet normal 0 -1 0
    outer loop
      vertex 496.0332336425781 16 92.54380798339844
      vertex 503.5355224609375 16 93.03553771972656
      vertex 496.4644775390625 16 93.03553771972656
    endloop
  endfacet
  facet normal 0 -1 0
    outer loop
      vertex 496.0332336425781 16 92.54380798339844
      vertex 503.9667663574219 16 92.54380798339844
      vertex 503.5355224609375 16 93.03553771972656
    endloop
  endfacet
  facet normal 0 -1 0
    outer loop
      vertex 495.66986083984375 16 92
      vertex 503.9667663574219 16 92.54380798339844
      vertex 496.0332336425781 16 92.54380798339844
    endloop
  endfacet
  facet normal 0 -1 0
    outer loop
      vertex 495.66986083984375 16 92
      vertex 504.33013916015625 16 92
      vertex 503.9667663574219 16 92.54380798339844
    endloop
  endfacet
  facet normal 0 -1 0
    outer loop
      vertex 495.380615234375 16 91.41341400146484
      vertex 504.33013916015625 16 92
      vertex 495.66986083984375 16 92
    endloop
  endfacet
  facet normal 0 -1 0
    outer loop
      vertex 495.380615234375 16 91.41341400146484
      vertex 504.619384765625 16 91.41341400146484
      vertex 504.33013916015625 16 92
    endloop
  endfacet
  facet normal 0 -1 0
    outer loop
      vertex 495.1703796386719 16 90.79409790039062
      vertex 504.619384765625 16 91.41341400146484
      vertex 495.380615234375 16 91.41341400146484
    endloop
  endfacet
  facet normal 0 -1 0
    outer loop
      vertex 495.1703796386719 16 90.79409790039062
      vertex 504.8296203613281 16 90.79409790039062
      vertex 504.619384765625 16 91.41341400146484
    endloop
  endfacet
  facet normal 0 -1 0
    outer loop
      vertex 495.04278564453125 16 90.15263366699219
      vertex 504.8296203613281 16 90.79409790039062
      vertex 495.1703796386719 16 90.79409790039062
    endloop
  endfacet
  facet normal 0 -1 0
    outer loop
      vertex 495.04278564453125 16 90.15263366699219
      vertex 504.95721435546875 16 90.15263366699219
      vertex 504.8296203613281 16 90.79409790039062
    endloop
  endfacet
  facet normal 0 -1 0
    outer loop
      vertex 495 16 89.5
      vertex 504.95721435546875 16 90.15263366699219
      vertex 495.04278564453125 16 90.15263366699219
    endloop
  endfacet
  facet normal 0 -1 0
    outer loop
      vertex 495 16 89.5
      vertex 505 16 89.5
      vertex 504.95721435546875 16 90.15263366699219
    endloop
  endfacet
  facet normal 0 -1 0
    outer loop
      vertex 495.04278564453125 16 88.84736633300781
      vertex 505 16 89.5
      vertex 495 16 89.5
    endloop
  endfacet
  facet normal 0 -1 0
    outer loop
      vertex 495.04278564453125 16 88.84736633300781
      vertex 504.95721435546875 16 88.84736633300781
      vertex 505 16 89.5
    endloop
  endfacet
  facet normal 0 -1 0
    outer loop
      vertex 495.1703796386719 16 88.20590209960938
      vertex 504.95721435546875 16 88.84736633300781
      vertex 495.04278564453125 16 88.84736633300781
    endloop
  endfacet
  facet normal 0 -1 0
    outer loop
      vertex 495.1703796386719 16 88.20590209960938
      vertex 504.8296203613281 16 88.20590209960938
      vertex 504.95721435546875 16 88.84736633300781
    endloop
  endfacet
  facet normal 0 -1 0
    outer loop
      vertex 495.380615234375 16 87.58657836914062
      vertex 504.8296203613281 16 88.20590209960938
      vertex 495.1703796386719 16 88.20590209960938
    endloop
  endfacet
  facet normal 0 -1 0
    outer loop
      vertex 495.380615234375 16 87.58657836914062
      vertex 504.619384765625 16 87.58657836914062
      vertex 504.8296203613281 16 88.20590209960938
    endloop
  endfacet
  facet normal 0 -1 0
    outer loop
      vertex 495.66986083984375 16 87
      vertex 504.619384765625 16 87.58657836914062
      vertex 495.380615234375 16 87.58657836914062
    endloop
  endfacet
  facet normal 0 -1 0
    outer loop
      vertex 495.66986083984375 16 87
      vertex 504.33013916015625 16 87
      vertex 504.619384765625 16 87.58657836914062
    endloop
  endfacet
  facet normal 0 -1 0
    outer loop
      vertex 496.0332336425781 16 86.45619201660156
      vertex 504.33013916015625 16 87
      vertex 495.66986083984375 16 87
    endloop
  endfacet
  facet normal 0 -1 0
    outer loop
      vertex 496.0332336425781 16 86.45619201660156
      vertex 503.9667663574219 16 86.45619201660156
      vertex 504.33013916015625 16 87
    endloop
  endfacet
  facet normal 0 -1 0
    outer loop
      vertex 496.4644775390625 16 85.96446228027344
      vertex 503.9667663574219 16 86.45619201660156
      vertex 496.0332336425781 16 86.45619201660156
    endloop
  endfacet
  facet normal 0 -1 0
    outer loop
      vertex 496.4644775390625 16 85.96446228027344
      vertex 503.5355224609375 16 85.96446228027344
      vertex 503.9667663574219 16 86.45619201660156
    endloop
  endfacet
  facet normal 0 -1 0
    outer loop
      vertex 496.9561767578125 16 85.53323364257812
      vertex 503.5355224609375 16 85.96446228027344
      vertex 496.4644775390625 16 85.96446228027344
    endloop
  endfacet
  facet normal 0 -1 0
    outer loop
      vertex 496.9561767578125 16 85.53323364257812
      vertex 503.0437927246094 16 85.53323364257812
      vertex 503.5355224609375 16 85.96446228027344
    endloop
  endfacet
  facet normal 0 -1 0
    outer loop
      vertex 497.5 16 85.16987609863281
      vertex 503.0437927246094 16 85.53323364257812
      vertex 496.9561767578125 16 85.53323364257812
    endloop
  endfacet
  facet normal 0 -1 0
    outer loop
      vertex 497.5 16 85.16987609863281
      vertex 502.5 16 85.16987609863281
      vertex 503.0437927246094 16 85.53323364257812
    endloop
  endfacet
  facet normal 0 -1 0
    outer loop
      vertex 498.0865783691406 16 84.88059997558594
      vertex 502.5 16 85.16987609863281
      vertex 497.5 16 85.16987609863281
    endloop
  endfacet
  facet normal 0 -1 0
    outer loop
      vertex 498.0865783691406 16 84.88059997558594
      vertex 501.9134216308594 16 84.88059997558594
      vertex 502.5 16 85.16987609863281
    endloop
  endfacet
  facet normal 0 -1 0
    outer loop
      vertex 498.7059020996094 16 84.67037200927734
      vertex 501.9134216308594 16 84.88059997558594
      vertex 498.0865783691406 16 84.88059997558594
    endloop
  endfacet
  facet normal 0 -1 0
    outer loop
      vertex 498.7059020996094 16 84.67037200927734
      vertex 501.2940979003906 16 84.67037200927734
      vertex 501.9134216308594 16 84.88059997558594
    endloop
  endfacet
  facet normal 0 -1 0
    outer loop
      vertex 499.3473815917969 16 84.54277801513672
      vertex 501.2940979003906 16 84.67037200927734
      vertex 498.7059020996094 16 84.67037200927734
    endloop
  endfacet
  facet normal 0 -1 0
    outer loop
      vertex 499.3473815917969 16 84.54277801513672
      vertex 500.6526184082031 16 84.54277801513672
      vertex 501.2940979003906 16 84.67037200927734
    endloop
  endfacet
  facet normal 0 -1 0
    outer loop
      vertex 500.6526184082031 16 84.54277801513672
      vertex 499.3473815917969 16 84.54277801513672
      vertex 500 16 84.5
    endloop
  endfacet
  facet normal -0.8314611896551201 0 -0.5555828381954327
    outer loop
      vertex 496.0332336425781 16 86.45619201660156
      vertex 495.66986083984375 19.05685043334961 87
      vertex 496.0332336425781 19.074506759643555 86.45619201660156
    endloop
  endfacet
  facet normal -0.8314611896551201 0 -0.5555828381954327
    outer loop
      vertex 495.66986083984375 19.05685043334961 87
      vertex 496.0332336425781 16 86.45619201660156
      vertex 495.66986083984375 16 87
    endloop
  endfacet
  facet normal 0 1 0
    outer loop
      vertex 500.6526184082031 33 94.45722198486328
      vertex 499.3473815917969 33 94.45722198486328
      vertex 500 33 94.5
    endloop
  endfacet
  facet normal 0 1 0
    outer loop
      vertex 501.2940979003906 33 94.32962799072266
      vertex 499.3473815917969 33 94.45722198486328
      vertex 500.6526184082031 33 94.45722198486328
    endloop
  endfacet
  facet normal 0 1 0
    outer loop
      vertex 501.2940979003906 33 94.32962799072266
      vertex 498.7059020996094 33 94.32962799072266
      vertex 499.3473815917969 33 94.45722198486328
    endloop
  endfacet
  facet normal 0 1 0
    outer loop
      vertex 501.9134216308594 33 94.11940002441406
      vertex 498.7059020996094 33 94.32962799072266
      vertex 501.2940979003906 33 94.32962799072266
    endloop
  endfacet
  facet normal 0 1 0
    outer loop
      vertex 501.9134216308594 33 94.11940002441406
      vertex 498.0865783691406 33 94.11940002441406
      vertex 498.7059020996094 33 94.32962799072266
    endloop
  endfacet
  facet normal 0 1 0
    outer loop
      vertex 502.5 33 93.83012390136719
      vertex 498.0865783691406 33 94.11940002441406
      vertex 501.9134216308594 33 94.11940002441406
    endloop
  endfacet
  facet normal 0 1 0
    outer loop
      vertex 502.5 33 93.83012390136719
      vertex 497.5 33 93.83012390136719
      vertex 498.0865783691406 33 94.11940002441406
    endloop
  endfacet
  facet normal 0 1 0
    outer loop
      vertex 503.0437927246094 33 93.46676635742188
      vertex 497.5 33 93.83012390136719
      vertex 502.5 33 93.83012390136719
    endloop
  endfacet
  facet normal 0 1 0
    outer loop
      vertex 503.0437927246094 33 93.46676635742188
      vertex 496.9561767578125 33 93.46676635742188
      vertex 497.5 33 93.83012390136719
    endloop
  endfacet
  facet normal 0 1 0
    outer loop
      vertex 503.5355224609375 33 93.03553771972656
      vertex 496.9561767578125 33 93.46676635742188
      vertex 503.0437927246094 33 93.46676635742188
    endloop
  endfacet
  facet normal 0 1 0
    outer loop
      vertex 503.5355224609375 33 93.03553771972656
      vertex 496.4644775390625 33 93.03553771972656
      vertex 496.9561767578125 33 93.46676635742188
    endloop
  endfacet
  facet normal 0 1 0
    outer loop
      vertex 503.9667663574219 33 92.54380798339844
      vertex 496.4644775390625 33 93.03553771972656
      vertex 503.5355224609375 33 93.03553771972656
    endloop
  endfacet
  facet normal 0 1 0
    outer loop
      vertex 503.9667663574219 33 92.54380798339844
      vertex 496.0332336425781 33 92.54380798339844
      vertex 496.4644775390625 33 93.03553771972656
    endloop
  endfacet
  facet normal 0 1 0
    outer loop
      vertex 504.33013916015625 33 92
      vertex 496.0332336425781 33 92.54380798339844
      vertex 503.9667663574219 33 92.54380798339844
    endloop
  endfacet
  facet normal 0 1 0
    outer loop
      vertex 504.33013916015625 33 92
      vertex 495.66986083984375 33 92
      vertex 496.0332336425781 33 92.54380798339844
    endloop
  endfacet
  facet normal 0 1 0
    outer loop
      vertex 504.619384765625 33 91.41341400146484
      vertex 495.66986083984375 33 92
      vertex 504.33013916015625 33 92
    endloop
  endfacet
  facet normal 0 1 0
    outer loop
      vertex 504.619384765625 33 91.41341400146484
      vertex 495.380615234375 33 91.41341400146484
      vertex 495.66986083984375 33 92
    endloop
  endfacet
  facet normal 0 1 0
    outer loop
      vertex 504.9700622558594 33 89.95691680908203
      vertex 504.619384765625 33 91.41341400146484
      vertex 504.8296203613281 33 90.79409790039062
    endloop
  endfacet
  facet normal 0 1 0
    outer loop
      vertex 504.619384765625 33 91.41341400146484
      vertex 504.9700622558594 33 89.95691680908203
      vertex 495.380615234375 33 91.41341400146484
    endloop
  endfacet
  facet normal 0 1 0
    outer loop
      vertex 504.9700622558594 33 89.95691680908203
      vertex 504.8296203613281 33 90.79409790039062
      vertex 504.95721435546875 33 90.15263366699219
    endloop
  endfacet
  facet normal 0 1 0
    outer loop
      vertex 495.0299377441406 33 89.95691680908203
      vertex 495.380615234375 33 91.41341400146484
      vertex 504.9700622558594 33 89.95691680908203
    endloop
  endfacet
  facet normal 0 1 0
    outer loop
      vertex 495.380615234375 33 91.41341400146484
      vertex 495.0299377441406 33 89.95691680908203
      vertex 495.1703796386719 33 90.79409790039062
    endloop
  endfacet
  facet normal 0 1 0
    outer loop
      vertex 495.1703796386719 33 90.79409790039062
      vertex 495.0299377441406 33 89.95691680908203
      vertex 495.04278564453125 33 90.15263366699219
    endloop
  endfacet
  facet normal 0.9807805599022179 0 -0.19511405207696358
    outer loop
      vertex 905.9486694335938 484 459.21685791015625
      vertex 905.7955322265625 485 458.44708251953125
      vertex 905.9486694335938 485 459.21685791015625
    endloop
  endfacet
  facet normal 0.9807805599022179 0 -0.19511405207696358
    outer loop
      vertex 905.7955322265625 485 458.44708251953125
      vertex 905.9486694335938 484 459.21685791015625
      vertex 905.7955322265625 484 458.44708251953125
    endloop
  endfacet
  facet normal 0.9807805599022179 0 -0.19511405207696358
    outer loop
      vertex 905.9486694335938 500 459.21685791015625
      vertex 905.7955322265625 501 458.44708251953125
      vertex 905.9486694335938 501 459.21685791015625
    endloop
  endfacet
  facet normal 0.9807805599022179 0 -0.19511405207696358
    outer loop
      vertex 905.7955322265625 501 458.44708251953125
      vertex 905.9486694335938 500 459.21685791015625
      vertex 905.7955322265625 500 458.44708251953125
    endloop
  endfacet
  facet normal 0.9978588632023858 0 -0.06540404519937701
    outer loop
      vertex 906 484 460
      vertex 905.9486694335938 485 459.21685791015625
      vertex 906 485 460
    endloop
  endfacet
  facet normal 0.9978588632023858 0 -0.06540404519937701
    outer loop
      vertex 905.9486694335938 485 459.21685791015625
      vertex 906 484 460
      vertex 905.9486694335938 484 459.21685791015625
    endloop
  endfacet
  facet normal 0.9978588632023858 0 -0.06540404519937701
    outer loop
      vertex 906 500 460
      vertex 905.9486694335938 501 459.21685791015625
      vertex 906 501 460
    endloop
  endfacet
  facet normal 0.9978588632023858 0 -0.06540404519937701
    outer loop
      vertex 905.9486694335938 501 459.21685791015625
      vertex 906 500 460
      vertex 905.9486694335938 500 459.21685791015625
    endloop
  endfacet
  facet normal -0.8314635736187895 0 0.555579270442186
    outer loop
      vertex 894.8038330078125 500 463
      vertex 895.2398681640625 501 463.6525573730469
      vertex 894.8038330078125 501 463
    endloop
  endfacet
  facet normal -0.8314635736187895 0 0.555579270442186
    outer loop
      vertex 895.2398681640625 501 463.6525573730469
      vertex 894.8038330078125 500 463
      vertex 895.2398681640625 500 463.6525573730469
    endloop
  endfacet
  facet normal -0.8314635736187895 0 0.555579270442186
    outer loop
      vertex 894.8038330078125 484 463
      vertex 895.2398681640625 485 463.6525573730469
      vertex 894.8038330078125 485 463
    endloop
  endfacet
  facet normal -0.8314635736187895 0 0.555579270442186
    outer loop
      vertex 895.2398681640625 485 463.6525573730469
      vertex 894.8038330078125 484 463
      vertex 895.2398681640625 484 463.6525573730469
    endloop
  endfacet
  facet normal 0.9469387639320046 0 -0.3214140279498193
    outer loop
      vertex 905.7955322265625 500 458.44708251953125
      vertex 905.5432739257812 501 457.7038879394531
      vertex 905.7955322265625 501 458.44708251953125
    endloop
  endfacet
  facet normal 0.9469387639320046 0 -0.3214140279498193
    outer loop
      vertex 905.5432739257812 501 457.7038879394531
      vertex 905.7955322265625 500 458.44708251953125
      vertex 905.5432739257812 500 457.7038879394531
    endloop
  endfacet
  facet normal 0.9469387639320046 0 -0.3214140279498193
    outer loop
      vertex 905.7955322265625 484 458.44708251953125
      vertex 905.5432739257812 485 457.7038879394531
      vertex 905.7955322265625 485 458.44708251953125
    endloop
  endfacet
  facet normal 0.9469387639320046 0 -0.3214140279498193
    outer loop
      vertex 905.5432739257812 485 457.7038879394531
      vertex 905.7955322265625 484 458.44708251953125
      vertex 905.5432739257812 484 457.7038879394531
    endloop
  endfacet
  facet normal 0.1950766490688515 0 -0.9807880000224657
    outer loop
      vertex 900.7831420898438 500 454.05133056640625
      vertex 901.5529174804688 501 454.2044372558594
      vertex 901.5529174804688 500 454.2044372558594
    endloop
  endfacet
  facet normal 0.1950766490688515 0 -0.9807880000224657
    outer loop
      vertex 901.5529174804688 501 454.2044372558594
      vertex 900.7831420898438 500 454.05133056640625
      vertex 900.7831420898438 501 454.05133056640625
    endloop
  endfacet
  facet normal 0.1950766490688515 0 -0.9807880000224657
    outer loop
      vertex 900.7831420898438 484 454.05133056640625
      vertex 901.5529174804688 485 454.2044372558594
      vertex 901.5529174804688 484 454.2044372558594
    endloop
  endfacet
  facet normal 0.1950766490688515 0 -0.9807880000224657
    outer loop
      vertex 901.5529174804688 485 454.2044372558594
      vertex 900.7831420898438 484 454.05133056640625
      vertex 900.7831420898438 485 454.05133056640625
    endloop
  endfacet
  facet normal -0.8968788997829853 0 -0.44227620230356274
    outer loop
      vertex 894.8038330078125 500 457
      vertex 894.4567260742188 501 457.7038879394531
      vertex 894.8038330078125 501 457
    endloop
  endfacet
  facet normal -0.8968788997829853 0 -0.44227620230356274
    outer loop
      vertex 894.4567260742188 501 457.7038879394531
      vertex 894.8038330078125 500 457
      vertex 894.4567260742188 500 457.7038879394531
    endloop
  endfacet
  facet normal -0.8968788997829853 0 -0.44227620230356274
    outer loop
      vertex 894.8038330078125 484 457
      vertex 894.4567260742188 485 457.7038879394531
      vertex 894.8038330078125 485 457
    endloop
  endfacet
  facet normal -0.8968788997829853 0 -0.44227620230356274
    outer loop
      vertex 894.4567260742188 485 457.7038879394531
      vertex 894.8038330078125 484 457
      vertex 894.4567260742188 484 457.7038879394531
    endloop
  endfacet
  facet normal 0.5555613085144119 0 -0.8314755753969894
    outer loop
      vertex 903 500 454.8038330078125
      vertex 903.652587890625 501 455.2398681640625
      vertex 903.652587890625 500 455.2398681640625
    endloop
  endfacet
  facet normal 0.5555613085144119 0 -0.8314755753969894
    outer loop
      vertex 903.652587890625 501 455.2398681640625
      vertex 903 500 454.8038330078125
      vertex 903 501 454.8038330078125
    endloop
  endfacet
  facet normal 0.5555613085144119 0 -0.8314755753969894
    outer loop
      vertex 903 484 454.8038330078125
      vertex 903.652587890625 485 455.2398681640625
      vertex 903.652587890625 484 455.2398681640625
    endloop
  endfacet
  facet normal 0.5555613085144119 0 -0.8314755753969894
    outer loop
      vertex 903.652587890625 485 455.2398681640625
      vertex 903 484 454.8038330078125
      vertex 903 485 454.8038330078125
    endloop
  endfacet
  facet normal 0.8968788997829853 0 0.44227620230356274
    outer loop
      vertex 905.1961669921875 500 463
      vertex 905.5432739257812 501 462.2961120605469
      vertex 905.1961669921875 501 463
    endloop
  endfacet
  facet normal 0.8968788997829853 0 0.44227620230356274
    outer loop
      vertex 905.5432739257812 501 462.2961120605469
      vertex 905.1961669921875 500 463
      vertex 905.5432739257812 500 462.2961120605469
    endloop
  endfacet
  facet normal 0.8968788997829853 0 0.44227620230356274
    outer loop
      vertex 905.1961669921875 484 463
      vertex 905.5432739257812 485 462.2961120605469
      vertex 905.1961669921875 485 463
    endloop
  endfacet
  facet normal 0.8968788997829853 0 0.44227620230356274
    outer loop
      vertex 905.5432739257812 485 462.2961120605469
      vertex 905.1961669921875 484 463
      vertex 905.5432739257812 484 462.2961120605469
    endloop
  endfacet
  facet normal -0.9978588632023858 0 -0.06540404519937701
    outer loop
      vertex 894.0513305664062 484 459.21685791015625
      vertex 894 485 460
      vertex 894.0513305664062 485 459.21685791015625
    endloop
  endfacet
  facet normal -0.9978588632023858 0 -0.06540404519937701
    outer loop
      vertex 894 485 460
      vertex 894.0513305664062 484 459.21685791015625
      vertex 894 484 460
    endloop
  endfacet
  facet normal -0.9978588632023858 0 -0.06540404519937701
    outer loop
      vertex 894.0513305664062 500 459.21685791015625
      vertex 894 501 460
      vertex 894.0513305664062 501 459.21685791015625
    endloop
  endfacet
  facet normal -0.9978588632023858 0 -0.06540404519937701
    outer loop
      vertex 894 501 460
      vertex 894.0513305664062 500 459.21685791015625
      vertex 894 500 460
    endloop
  endfacet
  facet normal -0.44226077839570394 0 -0.8968865055807373
    outer loop
      vertex 897 484 454.8038330078125
      vertex 897.7039184570312 485 454.45672607421875
      vertex 897.7039184570312 484 454.45672607421875
    endloop
  endfacet
  facet normal -0.44226077839570394 0 -0.8968865055807373
    outer loop
      vertex 897.7039184570312 485 454.45672607421875
      vertex 897 484 454.8038330078125
      vertex 897 485 454.8038330078125
    endloop
  endfacet
  facet normal -0.44226077839570394 0 -0.8968865055807373
    outer loop
      vertex 897 500 454.8038330078125
      vertex 897.7039184570312 501 454.45672607421875
      vertex 897.7039184570312 500 454.45672607421875
    endloop
  endfacet
  facet normal -0.44226077839570394 0 -0.8968865055807373
    outer loop
      vertex 897.7039184570312 501 454.45672607421875
      vertex 897 500 454.8038330078125
      vertex 897 501 454.8038330078125
    endloop
  endfacet
  facet normal 0.9807805599022179 0 0.19511405207696358
    outer loop
      vertex 905.7955322265625 500 461.55291748046875
      vertex 905.9486694335938 501 460.78314208984375
      vertex 905.7955322265625 501 461.55291748046875
    endloop
  endfacet
  facet normal 0.9807805599022179 0 0.19511405207696358
    outer loop
      vertex 905.9486694335938 501 460.78314208984375
      vertex 905.7955322265625 500 461.55291748046875
      vertex 905.9486694335938 500 460.78314208984375
    endloop
  endfacet
  facet normal 0.9807805599022179 0 0.19511405207696358
    outer loop
      vertex 905.7955322265625 484 461.55291748046875
      vertex 905.9486694335938 485 460.78314208984375
      vertex 905.7955322265625 485 461.55291748046875
    endloop
  endfacet
  facet normal 0.9807805599022179 0 0.19511405207696358
    outer loop
      vertex 905.9486694335938 485 460.78314208984375
      vertex 905.7955322265625 484 461.55291748046875
      vertex 905.9486694335938 484 460.78314208984375
    endloop
  endfacet
  facet normal 0.32146073025512567 0 0.9469229107503109
    outer loop
      vertex 901.5529174804688 485 465.7955627441406
      vertex 902.2960815429688 484 465.54327392578125
      vertex 902.2960815429688 485 465.54327392578125
    endloop
  endfacet
  facet normal 0.32146073025512567 0 0.9469229107503109
    outer loop
      vertex 902.2960815429688 484 465.54327392578125
      vertex 901.5529174804688 485 465.7955627441406
      vertex 901.5529174804688 484 465.7955627441406
    endloop
  endfacet
  facet normal 0.32146073025512567 0 0.9469229107503109
    outer loop
      vertex 901.5529174804688 501 465.7955627441406
      vertex 902.2960815429688 500 465.54327392578125
      vertex 902.2960815429688 501 465.54327392578125
    endloop
  endfacet
  facet normal 0.32146073025512567 0 0.9469229107503109
    outer loop
      vertex 902.2960815429688 500 465.54327392578125
      vertex 901.5529174804688 501 465.7955627441406
      vertex 901.5529174804688 500 465.7955627441406
    endloop
  endfacet
  facet normal -0.32146073025512567 0 -0.9469229107503109
    outer loop
      vertex 897.7039184570312 484 454.45672607421875
      vertex 898.4470825195312 485 454.2044372558594
      vertex 898.4470825195312 484 454.2044372558594
    endloop
  endfacet
  facet normal -0.32146073025512567 0 -0.9469229107503109
    outer loop
      vertex 898.4470825195312 485 454.2044372558594
      vertex 897.7039184570312 484 454.45672607421875
      vertex 897.7039184570312 485 454.45672607421875
    endloop
  endfacet
  facet normal -0.32146073025512567 0 -0.9469229107503109
    outer loop
      vertex 897.7039184570312 500 454.45672607421875
      vertex 898.4470825195312 501 454.2044372558594
      vertex 898.4470825195312 500 454.2044372558594
    endloop
  endfacet
  facet normal -0.32146073025512567 0 -0.9469229107503109
    outer loop
      vertex 898.4470825195312 501 454.2044372558594
      vertex 897.7039184570312 500 454.45672607421875
      vertex 897.7039184570312 501 454.45672607421875
    endloop
  endfacet
  facet normal 0.44226077839570394 0 -0.8968865055807373
    outer loop
      vertex 902.2960815429688 500 454.45672607421875
      vertex 903 501 454.8038330078125
      vertex 903 500 454.8038330078125
    endloop
  endfacet
  facet normal 0.44226077839570394 0 -0.8968865055807373
    outer loop
      vertex 903 501 454.8038330078125
      vertex 902.2960815429688 500 454.45672607421875
      vertex 902.2960815429688 501 454.45672607421875
    endloop
  endfacet
  facet normal 0.44226077839570394 0 -0.8968865055807373
    outer loop
      vertex 902.2960815429688 484 454.45672607421875
      vertex 903 485 454.8038330078125
      vertex 903 484 454.8038330078125
    endloop
  endfacet
  facet normal 0.44226077839570394 0 -0.8968865055807373
    outer loop
      vertex 903 485 454.8038330078125
      vertex 902.2960815429688 484 454.45672607421875
      vertex 902.2960815429688 485 454.45672607421875
    endloop
  endfacet
  facet normal -0.7518247130099603 0 -0.6593630266457855
    outer loop
      vertex 895.7573852539062 500 455.7573547363281
      vertex 895.2398681640625 501 456.3474426269531
      vertex 895.7573852539062 501 455.7573547363281
    endloop
  endfacet
  facet normal -0.7518247130099603 0 -0.6593630266457855
    outer loop
      vertex 895.2398681640625 501 456.3474426269531
      vertex 895.7573852539062 500 455.7573547363281
      vertex 895.2398681640625 500 456.3474426269531
    endloop
  endfacet
  facet normal -0.7518247130099603 0 -0.6593630266457855
    outer loop
      vertex 895.7573852539062 484 455.7573547363281
      vertex 895.2398681640625 485 456.3474426269531
      vertex 895.7573852539062 485 455.7573547363281
    endloop
  endfacet
  facet normal -0.7518247130099603 0 -0.6593630266457855
    outer loop
      vertex 895.2398681640625 485 456.3474426269531
      vertex 895.7573852539062 484 455.7573547363281
      vertex 895.2398681640625 484 456.3474426269531
    endloop
  endfacet
  facet normal 0.44226077839570394 0 0.8968865055807373
    outer loop
      vertex 902.2960815429688 485 465.54327392578125
      vertex 903 484 465.1961669921875
      vertex 903 485 465.1961669921875
    endloop
  endfacet
  facet normal 0.44226077839570394 0 0.8968865055807373
    outer loop
      vertex 903 484 465.1961669921875
      vertex 902.2960815429688 485 465.54327392578125
      vertex 902.2960815429688 484 465.54327392578125
    endloop
  endfacet
  facet normal 0.44226077839570394 0 0.8968865055807373
    outer loop
      vertex 902.2960815429688 501 465.54327392578125
      vertex 903 500 465.1961669921875
      vertex 903 501 465.1961669921875
    endloop
  endfacet
  facet normal 0.44226077839570394 0 0.8968865055807373
    outer loop
      vertex 903 500 465.1961669921875
      vertex 902.2960815429688 501 465.54327392578125
      vertex 902.2960815429688 500 465.54327392578125
    endloop
  endfacet
  facet normal 0.5555613085144119 0 0.8314755753969894
    outer loop
      vertex 903 485 465.1961669921875
      vertex 903.652587890625 484 464.7601318359375
      vertex 903.652587890625 485 464.7601318359375
    endloop
  endfacet
  facet normal 0.5555613085144119 0 0.8314755753969894
    outer loop
      vertex 903.652587890625 484 464.7601318359375
      vertex 903 485 465.1961669921875
      vertex 903 484 465.1961669921875
    endloop
  endfacet
  facet normal 0.5555613085144119 0 0.8314755753969894
    outer loop
      vertex 903 501 465.1961669921875
      vertex 903.652587890625 500 464.7601318359375
      vertex 903.652587890625 501 464.7601318359375
    endloop
  endfacet
  facet normal 0.5555613085144119 0 0.8314755753969894
    outer loop
      vertex 903.652587890625 500 464.7601318359375
      vertex 903 501 465.1961669921875
      vertex 903 500 465.1961669921875
    endloop
  endfacet
  facet normal 0.8314635736187895 0 -0.555579270442186
    outer loop
      vertex 905.1961669921875 484 457
      vertex 904.7601318359375 485 456.3474426269531
      vertex 905.1961669921875 485 457
    endloop
  endfacet
  facet normal 0.8314635736187895 0 -0.555579270442186
    outer loop
      vertex 904.7601318359375 485 456.3474426269531
      vertex 905.1961669921875 484 457
      vertex 904.7601318359375 484 456.3474426269531
    endloop
  endfacet
  facet normal 0.8314635736187895 0 -0.555579270442186
    outer loop
      vertex 905.1961669921875 500 457
      vertex 904.7601318359375 501 456.3474426269531
      vertex 905.1961669921875 501 457
    endloop
  endfacet
  facet normal 0.8314635736187895 0 -0.555579270442186
    outer loop
      vertex 904.7601318359375 501 456.3474426269531
      vertex 905.1961669921875 500 457
      vertex 904.7601318359375 500 456.3474426269531
    endloop
  endfacet
  facet normal 0.8968788997829853 0 -0.44227620230356274
    outer loop
      vertex 905.5432739257812 500 457.7038879394531
      vertex 905.1961669921875 501 457
      vertex 905.5432739257812 501 457.7038879394531
    endloop
  endfacet
  facet normal 0.8968788997829853 0 -0.44227620230356274
    outer loop
      vertex 905.1961669921875 501 457
      vertex 905.5432739257812 500 457.7038879394531
      vertex 905.1961669921875 500 457
    endloop
  endfacet
  facet normal 0.8968788997829853 0 -0.44227620230356274
    outer loop
      vertex 905.5432739257812 484 457.7038879394531
      vertex 905.1961669921875 485 457
      vertex 905.5432739257812 485 457.7038879394531
    endloop
  endfacet
  facet normal 0.8968788997829853 0 -0.44227620230356274
    outer loop
      vertex 905.1961669921875 485 457
      vertex 905.5432739257812 484 457.7038879394531
      vertex 905.1961669921875 484 457
    endloop
  endfacet
  facet normal 0.9978588632023858 0 0.06540404519937701
    outer loop
      vertex 905.9486694335938 484 460.78314208984375
      vertex 906 485 460
      vertex 905.9486694335938 485 460.78314208984375
    endloop
  endfacet
  facet normal 0.9978588632023858 0 0.06540404519937701
    outer loop
      vertex 906 485 460
      vertex 905.9486694335938 484 460.78314208984375
      vertex 906 484 460
    endloop
  endfacet
  facet normal 0.9978588632023858 0 0.06540404519937701
    outer loop
      vertex 905.9486694335938 500 460.78314208984375
      vertex 906 501 460
      vertex 905.9486694335938 501 460.78314208984375
    endloop
  endfacet
  facet normal 0.9978588632023858 0 0.06540404519937701
    outer loop
      vertex 906 501 460
      vertex 905.9486694335938 500 460.78314208984375
      vertex 906 500 460
    endloop
  endfacet
  facet normal 0.7518247130099603 0 -0.6593630266457855
    outer loop
      vertex 904.7601318359375 484 456.3474426269531
      vertex 904.2426147460938 485 455.7573547363281
      vertex 904.7601318359375 485 456.3474426269531
    endloop
  endfacet
  facet normal 0.7518247130099603 0 -0.6593630266457855
    outer loop
      vertex 904.2426147460938 485 455.7573547363281
      vertex 904.7601318359375 484 456.3474426269531
      vertex 904.2426147460938 484 455.7573547363281
    endloop
  endfacet
  facet normal 0.7518247130099603 0 -0.6593630266457855
    outer loop
      vertex 904.7601318359375 500 456.3474426269531
      vertex 904.2426147460938 501 455.7573547363281
      vertex 904.7601318359375 501 456.3474426269531
    endloop
  endfacet
  facet normal 0.7518247130099603 0 -0.6593630266457855
    outer loop
      vertex 904.2426147460938 501 455.7573547363281
      vertex 904.7601318359375 500 456.3474426269531
      vertex 904.2426147460938 500 455.7573547363281
    endloop
  endfacet
  facet normal -0.5555613085144119 0 -0.8314755753969894
    outer loop
      vertex 896.347412109375 500 455.2398681640625
      vertex 897 501 454.8038330078125
      vertex 897 500 454.8038330078125
    endloop
  endfacet
  facet normal -0.5555613085144119 0 -0.8314755753969894
    outer loop
      vertex 897 501 454.8038330078125
      vertex 896.347412109375 500 455.2398681640625
      vertex 896.347412109375 501 455.2398681640625
    endloop
  endfacet
  facet normal -0.5555613085144119 0 -0.8314755753969894
    outer loop
      vertex 896.347412109375 484 455.2398681640625
      vertex 897 485 454.8038330078125
      vertex 897 484 454.8038330078125
    endloop
  endfacet
  facet normal -0.5555613085144119 0 -0.8314755753969894
    outer loop
      vertex 897 485 454.8038330078125
      vertex 896.347412109375 484 455.2398681640625
      vertex 896.347412109375 485 455.2398681640625
    endloop
  endfacet
  facet normal -0.1950766490688515 0 -0.9807880000224657
    outer loop
      vertex 898.4470825195312 500 454.2044372558594
      vertex 899.2168579101562 501 454.05133056640625
      vertex 899.2168579101562 500 454.05133056640625
    endloop
  endfacet
  facet normal -0.1950766490688515 0 -0.9807880000224657
    outer loop
      vertex 899.2168579101562 501 454.05133056640625
      vertex 898.4470825195312 500 454.2044372558594
      vertex 898.4470825195312 501 454.2044372558594
    endloop
  endfacet
  facet normal -0.1950766490688515 0 -0.9807880000224657
    outer loop
      vertex 898.4470825195312 484 454.2044372558594
      vertex 899.2168579101562 485 454.05133056640625
      vertex 899.2168579101562 484 454.05133056640625
    endloop
  endfacet
  facet normal -0.1950766490688515 0 -0.9807880000224657
    outer loop
      vertex 899.2168579101562 485 454.05133056640625
      vertex 898.4470825195312 484 454.2044372558594
      vertex 898.4470825195312 485 454.2044372558594
    endloop
  endfacet
  facet normal 0.6593795998457069 0 -0.7518101777093175
    outer loop
      vertex 903.652587890625 500 455.2398681640625
      vertex 904.2426147460938 501 455.7573547363281
      vertex 904.2426147460938 500 455.7573547363281
    endloop
  endfacet
  facet normal 0.6593795998457069 0 -0.7518101777093175
    outer loop
      vertex 904.2426147460938 501 455.7573547363281
      vertex 903.652587890625 500 455.2398681640625
      vertex 903.652587890625 501 455.2398681640625
    endloop
  endfacet
  facet normal 0.6593795998457069 0 -0.7518101777093175
    outer loop
      vertex 903.652587890625 484 455.2398681640625
      vertex 904.2426147460938 485 455.7573547363281
      vertex 904.2426147460938 484 455.7573547363281
    endloop
  endfacet
  facet normal 0.6593795998457069 0 -0.7518101777093175
    outer loop
      vertex 904.2426147460938 485 455.7573547363281
      vertex 903.652587890625 484 455.2398681640625
      vertex 903.652587890625 485 455.2398681640625
    endloop
  endfacet
  facet normal -0.9807805599022179 0 0.19511405207696358
    outer loop
      vertex 894.0513305664062 500 460.78314208984375
      vertex 894.2044677734375 501 461.55291748046875
      vertex 894.0513305664062 501 460.78314208984375
    endloop
  endfacet
  facet normal -0.9807805599022179 0 0.19511405207696358
    outer loop
      vertex 894.2044677734375 501 461.55291748046875
      vertex 894.0513305664062 500 460.78314208984375
      vertex 894.2044677734375 500 461.55291748046875
    endloop
  endfacet
  facet normal -0.9807805599022179 0 0.19511405207696358
    outer loop
      vertex 894.0513305664062 484 460.78314208984375
      vertex 894.2044677734375 485 461.55291748046875
      vertex 894.0513305664062 485 460.78314208984375
    endloop
  endfacet
  facet normal -0.9807805599022179 0 0.19511405207696358
    outer loop
      vertex 894.2044677734375 485 461.55291748046875
      vertex 894.0513305664062 484 460.78314208984375
      vertex 894.2044677734375 484 461.55291748046875
    endloop
  endfacet
  facet normal -0.8314635736187895 0 -0.555579270442186
    outer loop
      vertex 895.2398681640625 500 456.3474426269531
      vertex 894.8038330078125 501 457
      vertex 895.2398681640625 501 456.3474426269531
    endloop
  endfacet
  facet normal -0.8314635736187895 0 -0.555579270442186
    outer loop
      vertex 894.8038330078125 501 457
      vertex 895.2398681640625 500 456.3474426269531
      vertex 894.8038330078125 500 457
    endloop
  endfacet
  facet normal -0.8314635736187895 0 -0.555579270442186
    outer loop
      vertex 895.2398681640625 484 456.3474426269531
      vertex 894.8038330078125 485 457
      vertex 895.2398681640625 485 456.3474426269531
    endloop
  endfacet
  facet normal -0.8314635736187895 0 -0.555579270442186
    outer loop
      vertex 894.8038330078125 485 457
      vertex 895.2398681640625 484 456.3474426269531
      vertex 894.8038330078125 484 457
    endloop
  endfacet
  facet normal -0.6593795998457069 0 -0.7518101777093175
    outer loop
      vertex 895.7573852539062 484 455.7573547363281
      vertex 896.347412109375 485 455.2398681640625
      vertex 896.347412109375 484 455.2398681640625
    endloop
  endfacet
  facet normal -0.6593795998457069 0 -0.7518101777093175
    outer loop
      vertex 896.347412109375 485 455.2398681640625
      vertex 895.7573852539062 484 455.7573547363281
      vertex 895.7573852539062 485 455.7573547363281
    endloop
  endfacet
  facet normal -0.6593795998457069 0 -0.7518101777093175
    outer loop
      vertex 895.7573852539062 500 455.7573547363281
      vertex 896.347412109375 501 455.2398681640625
      vertex 896.347412109375 500 455.2398681640625
    endloop
  endfacet
  facet normal -0.6593795998457069 0 -0.7518101777093175
    outer loop
      vertex 896.347412109375 501 455.2398681640625
      vertex 895.7573852539062 500 455.7573547363281
      vertex 895.7573852539062 501 455.7573547363281
    endloop
  endfacet
  facet normal 0.32146073025512567 0 -0.9469229107503109
    outer loop
      vertex 901.5529174804688 500 454.2044372558594
      vertex 902.2960815429688 501 454.45672607421875
      vertex 902.2960815429688 500 454.45672607421875
    endloop
  endfacet
  facet normal 0.32146073025512567 0 -0.9469229107503109
    outer loop
      vertex 902.2960815429688 501 454.45672607421875
      vertex 901.5529174804688 500 454.2044372558594
      vertex 901.5529174804688 501 454.2044372558594
    endloop
  endfacet
  facet normal 0.32146073025512567 0 -0.9469229107503109
    outer loop
      vertex 901.5529174804688 484 454.2044372558594
      vertex 902.2960815429688 485 454.45672607421875
      vertex 902.2960815429688 484 454.45672607421875
    endloop
  endfacet
  facet normal 0.32146073025512567 0 -0.9469229107503109
    outer loop
      vertex 902.2960815429688 485 454.45672607421875
      vertex 901.5529174804688 484 454.2044372558594
      vertex 901.5529174804688 485 454.2044372558594
    endloop
  endfacet
  facet normal -0.8968788997829853 0 0.44227620230356274
    outer loop
      vertex 894.4567260742188 500 462.2961120605469
      vertex 894.8038330078125 501 463
      vertex 894.4567260742188 501 462.2961120605469
    endloop
  endfacet
  facet normal -0.8968788997829853 0 0.44227620230356274
    outer loop
      vertex 894.8038330078125 501 463
      vertex 894.4567260742188 500 462.2961120605469
      vertex 894.8038330078125 500 463
    endloop
  endfacet
  facet normal -0.8968788997829853 0 0.44227620230356274
    outer loop
      vertex 894.4567260742188 484 462.2961120605469
      vertex 894.8038330078125 485 463
      vertex 894.4567260742188 485 462.2961120605469
    endloop
  endfacet
  facet normal -0.8968788997829853 0 0.44227620230356274
    outer loop
      vertex 894.8038330078125 485 463
      vertex 894.4567260742188 484 462.2961120605469
      vertex 894.8038330078125 484 463
    endloop
  endfacet
  facet normal 0.1950766490688515 0 0.9807880000224657
    outer loop
      vertex 900.7831420898438 501 465.94866943359375
      vertex 901.5529174804688 500 465.7955627441406
      vertex 901.5529174804688 501 465.7955627441406
    endloop
  endfacet
  facet normal 0.1950766490688515 0 0.9807880000224657
    outer loop
      vertex 901.5529174804688 500 465.7955627441406
      vertex 900.7831420898438 501 465.94866943359375
      vertex 900.7831420898438 500 465.94866943359375
    endloop
  endfacet
  facet normal 0.1950766490688515 0 0.9807880000224657
    outer loop
      vertex 900.7831420898438 485 465.94866943359375
      vertex 901.5529174804688 484 465.7955627441406
      vertex 901.5529174804688 485 465.7955627441406
    endloop
  endfacet
  facet normal 0.1950766490688515 0 0.9807880000224657
    outer loop
      vertex 901.5529174804688 484 465.7955627441406
      vertex 900.7831420898438 485 465.94866943359375
      vertex 900.7831420898438 484 465.94866943359375
    endloop
  endfacet
  facet normal -0.06540404519937701 0 0.9978588632023858
    outer loop
      vertex 899.2168579101562 485 465.94866943359375
      vertex 900 484 466
      vertex 900 485 466
    endloop
  endfacet
  facet normal -0.06540404519937701 0 0.9978588632023858
    outer loop
      vertex 900 484 466
      vertex 899.2168579101562 485 465.94866943359375
      vertex 899.2168579101562 484 465.94866943359375
    endloop
  endfacet
  facet normal -0.06540404519937701 0 0.9978588632023858
    outer loop
      vertex 899.2168579101562 501 465.94866943359375
      vertex 900 500 466
      vertex 900 501 466
    endloop
  endfacet
  facet normal -0.06540404519937701 0 0.9978588632023858
    outer loop
      vertex 900 500 466
      vertex 899.2168579101562 501 465.94866943359375
      vertex 899.2168579101562 500 465.94866943359375
    endloop
  endfacet
  facet normal 0.9469387639320046 0 0.3214140279498193
    outer loop
      vertex 905.5432739257812 500 462.2961120605469
      vertex 905.7955322265625 501 461.55291748046875
      vertex 905.5432739257812 501 462.2961120605469
    endloop
  endfacet
  facet normal 0.9469387639320046 0 0.3214140279498193
    outer loop
      vertex 905.7955322265625 501 461.55291748046875
      vertex 905.5432739257812 500 462.2961120605469
      vertex 905.7955322265625 500 461.55291748046875
    endloop
  endfacet
  facet normal 0.9469387639320046 0 0.3214140279498193
    outer loop
      vertex 905.5432739257812 484 462.2961120605469
      vertex 905.7955322265625 485 461.55291748046875
      vertex 905.5432739257812 485 462.2961120605469
    endloop
  endfacet
  facet normal 0.9469387639320046 0 0.3214140279498193
    outer loop
      vertex 905.7955322265625 485 461.55291748046875
      vertex 905.5432739257812 484 462.2961120605469
      vertex 905.7955322265625 484 461.55291748046875
    endloop
  endfacet
  facet normal 0.8314635736187895 0 0.555579270442186
    outer loop
      vertex 904.7601318359375 500 463.6525573730469
      vertex 905.1961669921875 501 463
      vertex 904.7601318359375 501 463.6525573730469
    endloop
  endfacet
  facet normal 0.8314635736187895 0 0.555579270442186
    outer loop
      vertex 905.1961669921875 501 463
      vertex 904.7601318359375 500 463.6525573730469
      vertex 905.1961669921875 500 463
    endloop
  endfacet
  facet normal 0.8314635736187895 0 0.555579270442186
    outer loop
      vertex 904.7601318359375 484 463.6525573730469
      vertex 905.1961669921875 485 463
      vertex 904.7601318359375 485 463.6525573730469
    endloop
  endfacet
  facet normal 0.8314635736187895 0 0.555579270442186
    outer loop
      vertex 905.1961669921875 485 463
      vertex 904.7601318359375 484 463.6525573730469
      vertex 905.1961669921875 484 463
    endloop
  endfacet
  facet normal 0.7518247130099603 0 0.6593630266457855
    outer loop
      vertex 904.2426147460938 484 464.2426452636719
      vertex 904.7601318359375 485 463.6525573730469
      vertex 904.2426147460938 485 464.2426452636719
    endloop
  endfacet
  facet normal 0.7518247130099603 0 0.6593630266457855
    outer loop
      vertex 904.7601318359375 485 463.6525573730469
      vertex 904.2426147460938 484 464.2426452636719
      vertex 904.7601318359375 484 463.6525573730469
    endloop
  endfacet
  facet normal 0.7518247130099603 0 0.6593630266457855
    outer loop
      vertex 904.2426147460938 500 464.2426452636719
      vertex 904.7601318359375 501 463.6525573730469
      vertex 904.2426147460938 501 464.2426452636719
    endloop
  endfacet
  facet normal 0.7518247130099603 0 0.6593630266457855
    outer loop
      vertex 904.7601318359375 501 463.6525573730469
      vertex 904.2426147460938 500 464.2426452636719
      vertex 904.7601318359375 500 463.6525573730469
    endloop
  endfacet
  facet normal -0.44226077839570394 0 0.8968865055807373
    outer loop
      vertex 897 485 465.1961669921875
      vertex 897.7039184570312 484 465.54327392578125
      vertex 897.7039184570312 485 465.54327392578125
    endloop
  endfacet
  facet normal -0.44226077839570394 0 0.8968865055807373
    outer loop
      vertex 897.7039184570312 484 465.54327392578125
      vertex 897 485 465.1961669921875
      vertex 897 484 465.1961669921875
    endloop
  endfacet
  facet normal -0.44226077839570394 0 0.8968865055807373
    outer loop
      vertex 897 501 465.1961669921875
      vertex 897.7039184570312 500 465.54327392578125
      vertex 897.7039184570312 501 465.54327392578125
    endloop
  endfacet
  facet normal -0.44226077839570394 0 0.8968865055807373
    outer loop
      vertex 897.7039184570312 500 465.54327392578125
      vertex 897 501 465.1961669921875
      vertex 897 500 465.1961669921875
    endloop
  endfacet
  facet normal -0.9469387639320046 0 -0.3214140279498193
    outer loop
      vertex 894.4567260742188 484 457.7038879394531
      vertex 894.2044677734375 485 458.44708251953125
      vertex 894.4567260742188 485 457.7038879394531
    endloop
  endfacet
  facet normal -0.9469387639320046 0 -0.3214140279498193
    outer loop
      vertex 894.2044677734375 485 458.44708251953125
      vertex 894.4567260742188 484 457.7038879394531
      vertex 894.2044677734375 484 458.44708251953125
    endloop
  endfacet
  facet normal -0.9469387639320046 0 -0.3214140279498193
    outer loop
      vertex 894.4567260742188 500 457.7038879394531
      vertex 894.2044677734375 501 458.44708251953125
      vertex 894.4567260742188 501 457.7038879394531
    endloop
  endfacet
  facet normal -0.9469387639320046 0 -0.3214140279498193
    outer loop
      vertex 894.2044677734375 501 458.44708251953125
      vertex 894.4567260742188 500 457.7038879394531
      vertex 894.2044677734375 500 458.44708251953125
    endloop
  endfacet
  facet normal -0.9978588632023858 0 0.06540404519937701
    outer loop
      vertex 894 500 460
      vertex 894.0513305664062 501 460.78314208984375
      vertex 894 501 460
    endloop
  endfacet
  facet normal -0.9978588632023858 0 0.06540404519937701
    outer loop
      vertex 894.0513305664062 501 460.78314208984375
      vertex 894 500 460
      vertex 894.0513305664062 500 460.78314208984375
    endloop
  endfacet
  facet normal -0.9978588632023858 0 0.06540404519937701
    outer loop
      vertex 894 484 460
      vertex 894.0513305664062 485 460.78314208984375
      vertex 894 485 460
    endloop
  endfacet
  facet normal -0.9978588632023858 0 0.06540404519937701
    outer loop
      vertex 894.0513305664062 485 460.78314208984375
      vertex 894 484 460
      vertex 894.0513305664062 484 460.78314208984375
    endloop
  endfacet
  facet normal -0.9807805599022179 0 -0.19511405207696358
    outer loop
      vertex 894.2044677734375 484 458.44708251953125
      vertex 894.0513305664062 485 459.21685791015625
      vertex 894.2044677734375 485 458.44708251953125
    endloop
  endfacet
  facet normal -0.9807805599022179 0 -0.19511405207696358
    outer loop
      vertex 894.0513305664062 485 459.21685791015625
      vertex 894.2044677734375 484 458.44708251953125
      vertex 894.0513305664062 484 459.21685791015625
    endloop
  endfacet
  facet normal -0.9807805599022179 0 -0.19511405207696358
    outer loop
      vertex 894.2044677734375 500 458.44708251953125
      vertex 894.0513305664062 501 459.21685791015625
      vertex 894.2044677734375 501 458.44708251953125
    endloop
  endfacet
  facet normal -0.9807805599022179 0 -0.19511405207696358
    outer loop
      vertex 894.0513305664062 501 459.21685791015625
      vertex 894.2044677734375 500 458.44708251953125
      vertex 894.0513305664062 500 459.21685791015625
    endloop
  endfacet
  facet normal -0.06540404519937701 0 -0.9978588632023858
    outer loop
      vertex 899.2168579101562 500 454.05133056640625
      vertex 900 501 454
      vertex 900 500 454
    endloop
  endfacet
  facet normal -0.06540404519937701 0 -0.9978588632023858
    outer loop
      vertex 900 501 454
      vertex 899.2168579101562 500 454.05133056640625
      vertex 899.2168579101562 501 454.05133056640625
    endloop
  endfacet
  facet normal -0.06540404519937701 0 -0.9978588632023858
    outer loop
      vertex 899.2168579101562 484 454.05133056640625
      vertex 900 485 454
      vertex 900 484 454
    endloop
  endfacet
  facet normal -0.06540404519937701 0 -0.9978588632023858
    outer loop
      vertex 900 485 454
      vertex 899.2168579101562 484 454.05133056640625
      vertex 899.2168579101562 485 454.05133056640625
    endloop
  endfacet
  facet normal 0.6593795998457069 0 0.7518101777093175
    outer loop
      vertex 903.652587890625 501 464.7601318359375
      vertex 904.2426147460938 500 464.2426452636719
      vertex 904.2426147460938 501 464.2426452636719
    endloop
  endfacet
  facet normal 0.6593795998457069 0 0.7518101777093175
    outer loop
      vertex 904.2426147460938 500 464.2426452636719
      vertex 903.652587890625 501 464.7601318359375
      vertex 903.652587890625 500 464.7601318359375
    endloop
  endfacet
  facet normal 0.6593795998457069 0 0.7518101777093175
    outer loop
      vertex 903.652587890625 485 464.7601318359375
      vertex 904.2426147460938 484 464.2426452636719
      vertex 904.2426147460938 485 464.2426452636719
    endloop
  endfacet
  facet normal 0.6593795998457069 0 0.7518101777093175
    outer loop
      vertex 904.2426147460938 484 464.2426452636719
      vertex 903.652587890625 485 464.7601318359375
      vertex 903.652587890625 484 464.7601318359375
    endloop
  endfacet
  facet normal -0.7518247130099603 0 0.6593630266457855
    outer loop
      vertex 895.2398681640625 500 463.6525573730469
      vertex 895.7573852539062 501 464.2426452636719
      vertex 895.2398681640625 501 463.6525573730469
    endloop
  endfacet
  facet normal -0.7518247130099603 0 0.6593630266457855
    outer loop
      vertex 895.7573852539062 501 464.2426452636719
      vertex 895.2398681640625 500 463.6525573730469
      vertex 895.7573852539062 500 464.2426452636719
    endloop
  endfacet
  facet normal -0.7518247130099603 0 0.6593630266457855
    outer loop
      vertex 895.2398681640625 484 463.6525573730469
      vertex 895.7573852539062 485 464.2426452636719
      vertex 895.2398681640625 485 463.6525573730469
    endloop
  endfacet
  facet normal -0.7518247130099603 0 0.6593630266457855
    outer loop
      vertex 895.7573852539062 485 464.2426452636719
      vertex 895.2398681640625 484 463.6525573730469
      vertex 895.7573852539062 484 464.2426452636719
    endloop
  endfacet
  facet normal -0.6593795998457069 0 0.7518101777093175
    outer loop
      vertex 895.7573852539062 501 464.2426452636719
      vertex 896.347412109375 500 464.7601318359375
      vertex 896.347412109375 501 464.7601318359375
    endloop
  endfacet
  facet normal -0.6593795998457069 0 0.7518101777093175
    outer loop
      vertex 896.347412109375 500 464.7601318359375
      vertex 895.7573852539062 501 464.2426452636719
      vertex 895.7573852539062 500 464.2426452636719
    endloop
  endfacet
  facet normal -0.6593795998457069 0 0.7518101777093175
    outer loop
      vertex 895.7573852539062 485 464.2426452636719
      vertex 896.347412109375 484 464.7601318359375
      vertex 896.347412109375 485 464.7601318359375
    endloop
  endfacet
  facet normal -0.6593795998457069 0 0.7518101777093175
    outer loop
      vertex 896.347412109375 484 464.7601318359375
      vertex 895.7573852539062 485 464.2426452636719
      vertex 895.7573852539062 484 464.2426452636719
    endloop
  endfacet
  facet normal 0.06540404519937701 0 -0.9978588632023858
    outer loop
      vertex 900 500 454
      vertex 900.7831420898438 501 454.05133056640625
      vertex 900.7831420898438 500 454.05133056640625
    endloop
  endfacet
  facet normal 0.06540404519937701 0 -0.9978588632023858
    outer loop
      vertex 900.7831420898438 501 454.05133056640625
      vertex 900 500 454
      vertex 900 501 454
    endloop
  endfacet
  facet normal 0.06540404519937701 0 -0.9978588632023858
    outer loop
      vertex 900 484 454
      vertex 900.7831420898438 485 454.05133056640625
      vertex 900.7831420898438 484 454.05133056640625
    endloop
  endfacet
  facet normal 0.06540404519937701 0 -0.9978588632023858
    outer loop
      vertex 900.7831420898438 485 454.05133056640625
      vertex 900 484 454
      vertex 900 485 454
    endloop
  endfacet
  facet normal -0.1950766490688515 0 0.9807880000224657
    outer loop
      vertex 898.4470825195312 485 465.7955627441406
      vertex 899.2168579101562 484 465.94866943359375
      vertex 899.2168579101562 485 465.94866943359375
    endloop
  endfacet
  facet normal -0.1950766490688515 0 0.9807880000224657
    outer loop
      vertex 899.2168579101562 484 465.94866943359375
      vertex 898.4470825195312 485 465.7955627441406
      vertex 898.4470825195312 484 465.7955627441406
    endloop
  endfacet
  facet normal -0.1950766490688515 0 0.9807880000224657
    outer loop
      vertex 898.4470825195312 501 465.7955627441406
      vertex 899.2168579101562 500 465.94866943359375
      vertex 899.2168579101562 501 465.94866943359375
    endloop
  endfacet
  facet normal -0.1950766490688515 0 0.9807880000224657
    outer loop
      vertex 899.2168579101562 500 465.94866943359375
      vertex 898.4470825195312 501 465.7955627441406
      vertex 898.4470825195312 500 465.7955627441406
    endloop
  endfacet
  facet normal -0.32146073025512567 0 0.9469229107503109
    outer loop
      vertex 897.7039184570312 485 465.54327392578125
      vertex 898.4470825195312 484 465.7955627441406
      vertex 898.4470825195312 485 465.7955627441406
    endloop
  endfacet
  facet normal -0.32146073025512567 0 0.9469229107503109
    outer loop
      vertex 898.4470825195312 484 465.7955627441406
      vertex 897.7039184570312 485 465.54327392578125
      vertex 897.7039184570312 484 465.54327392578125
    endloop
  endfacet
  facet normal -0.32146073025512567 0 0.9469229107503109
    outer loop
      vertex 897.7039184570312 501 465.54327392578125
      vertex 898.4470825195312 500 465.7955627441406
      vertex 898.4470825195312 501 465.7955627441406
    endloop
  endfacet
  facet normal -0.32146073025512567 0 0.9469229107503109
    outer loop
      vertex 898.4470825195312 500 465.7955627441406
      vertex 897.7039184570312 501 465.54327392578125
      vertex 897.7039184570312 500 465.54327392578125
    endloop
  endfacet
  facet normal -0.9469387639320046 0 0.3214140279498193
    outer loop
      vertex 894.2044677734375 500 461.55291748046875
      vertex 894.4567260742188 501 462.2961120605469
      vertex 894.2044677734375 501 461.55291748046875
    endloop
  endfacet
  facet normal -0.9469387639320046 0 0.3214140279498193
    outer loop
      vertex 894.4567260742188 501 462.2961120605469
      vertex 894.2044677734375 500 461.55291748046875
      vertex 894.4567260742188 500 462.2961120605469
    endloop
  endfacet
  facet normal -0.9469387639320046 0 0.3214140279498193
    outer loop
      vertex 894.2044677734375 484 461.55291748046875
      vertex 894.4567260742188 485 462.2961120605469
      vertex 894.2044677734375 485 461.55291748046875
    endloop
  endfacet
  facet normal -0.9469387639320046 0 0.3214140279498193
    outer loop
      vertex 894.4567260742188 485 462.2961120605469
      vertex 894.2044677734375 484 461.55291748046875
      vertex 894.4567260742188 484 462.2961120605469
    endloop
  endfacet
  facet normal -0.5555613085144119 0 0.8314755753969894
    outer loop
      vertex 896.347412109375 485 464.7601318359375
      vertex 897 484 465.1961669921875
      vertex 897 485 465.1961669921875
    endloop
  endfacet
  facet normal -0.5555613085144119 0 0.8314755753969894
    outer loop
      vertex 897 484 465.1961669921875
      vertex 896.347412109375 485 464.7601318359375
      vertex 896.347412109375 484 464.7601318359375
    endloop
  endfacet
  facet normal -0.5555613085144119 0 0.8314755753969894
    outer loop
      vertex 896.347412109375 501 464.7601318359375
      vertex 897 500 465.1961669921875
      vertex 897 501 465.1961669921875
    endloop
  endfacet
  facet normal -0.5555613085144119 0 0.8314755753969894
    outer loop
      vertex 897 500 465.1961669921875
      vertex 896.347412109375 501 464.7601318359375
      vertex 896.347412109375 500 464.7601318359375
    endloop
  endfacet
  facet normal 0 -1 0
    outer loop
      vertex 899.2168579101562 484 465.94866943359375
      vertex 900.7831420898438 484 465.94866943359375
      vertex 900 484 466
    endloop
  endfacet
  facet normal 0 -1 0
    outer loop
      vertex 898.4470825195312 484 465.7955627441406
      vertex 900.7831420898438 484 465.94866943359375
      vertex 899.2168579101562 484 465.94866943359375
    endloop
  endfacet
  facet normal 0 -1 0
    outer loop
      vertex 898.4470825195312 484 465.7955627441406
      vertex 901.5529174804688 484 465.7955627441406
      vertex 900.7831420898438 484 465.94866943359375
    endloop
  endfacet
  facet normal 0 -1 0
    outer loop
      vertex 897.7039184570312 484 465.54327392578125
      vertex 901.5529174804688 484 465.7955627441406
      vertex 898.4470825195312 484 465.7955627441406
    endloop
  endfacet
  facet normal 0 -1 0
    outer loop
      vertex 897.7039184570312 484 465.54327392578125
      vertex 902.2960815429688 484 465.54327392578125
      vertex 901.5529174804688 484 465.7955627441406
    endloop
  endfacet
  facet normal 0 -1 0
    outer loop
      vertex 897 484 465.1961669921875
      vertex 902.2960815429688 484 465.54327392578125
      vertex 897.7039184570312 484 465.54327392578125
    endloop
  endfacet
  facet normal 0 -1 0
    outer loop
      vertex 897 484 465.1961669921875
      vertex 903 484 465.1961669921875
      vertex 902.2960815429688 484 465.54327392578125
    endloop
  endfacet
  facet normal 0 -1 0
    outer loop
      vertex 896.347412109375 484 464.7601318359375
      vertex 903 484 465.1961669921875
      vertex 897 484 465.1961669921875
    endloop
  endfacet
  facet normal 0 -1 0
    outer loop
      vertex 896.347412109375 484 464.7601318359375
      vertex 903.652587890625 484 464.7601318359375
      vertex 903 484 465.1961669921875
    endloop
  endfacet
  facet normal 0 -1 0
    outer loop
      vertex 895.7573852539062 484 464.2426452636719
      vertex 903.652587890625 484 464.7601318359375
      vertex 896.347412109375 484 464.7601318359375
    endloop
  endfacet
  facet normal 0 -1 0
    outer loop
      vertex 895.7573852539062 484 464.2426452636719
      vertex 904.2426147460938 484 464.2426452636719
      vertex 903.652587890625 484 464.7601318359375
    endloop
  endfacet
  facet normal 0 -1 0
    outer loop
      vertex 895.2398681640625 484 463.6525573730469
      vertex 904.2426147460938 484 464.2426452636719
      vertex 895.7573852539062 484 464.2426452636719
    endloop
  endfacet
  facet normal 0 -1 0
    outer loop
      vertex 895.2398681640625 484 463.6525573730469
      vertex 904.7601318359375 484 463.6525573730469
      vertex 904.2426147460938 484 464.2426452636719
    endloop
  endfacet
  facet normal 0 -1 0
    outer loop
      vertex 894.8038330078125 484 463
      vertex 904.7601318359375 484 463.6525573730469
      vertex 895.2398681640625 484 463.6525573730469
    endloop
  endfacet
  facet normal 0 -1 0
    outer loop
      vertex 894.8038330078125 484 463
      vertex 905.1961669921875 484 463
      vertex 904.7601318359375 484 463.6525573730469
    endloop
  endfacet
  facet normal 0 -1 0
    outer loop
      vertex 894.4567260742188 484 462.2961120605469
      vertex 905.1961669921875 484 463
      vertex 894.8038330078125 484 463
    endloop
  endfacet
  facet normal 0 -1 0
    outer loop
      vertex 894.4567260742188 484 462.2961120605469
      vertex 905.5432739257812 484 462.2961120605469
      vertex 905.1961669921875 484 463
    endloop
  endfacet
  facet normal 0 -1 0
    outer loop
      vertex 894.2044677734375 484 461.55291748046875
      vertex 905.5432739257812 484 462.2961120605469
      vertex 894.4567260742188 484 462.2961120605469
    endloop
  endfacet
  facet normal 0 -1 0
    outer loop
      vertex 894.2044677734375 484 461.55291748046875
      vertex 905.7955322265625 484 461.55291748046875
      vertex 905.5432739257812 484 462.2961120605469
    endloop
  endfacet
  facet normal 0 -1 0
    outer loop
      vertex 894.0513305664062 484 460.78314208984375
      vertex 905.7955322265625 484 461.55291748046875
      vertex 894.2044677734375 484 461.55291748046875
    endloop
  endfacet
  facet normal 0 -1 0
    outer loop
      vertex 894.0513305664062 484 460.78314208984375
      vertex 905.9486694335938 484 460.78314208984375
      vertex 905.7955322265625 484 461.55291748046875
    endloop
  endfacet
  facet normal 0 -1 0
    outer loop
      vertex 894 484 460
      vertex 905.9486694335938 484 460.78314208984375
      vertex 894.0513305664062 484 460.78314208984375
    endloop
  endfacet
  facet normal 0 -1 0
    outer loop
      vertex 894 484 460
      vertex 906 484 460
      vertex 905.9486694335938 484 460.78314208984375
    endloop
  endfacet
  facet normal 0 -1 0
    outer loop
      vertex 894.0513305664062 484 459.21685791015625
      vertex 906 484 460
      vertex 894 484 460
    endloop
  endfacet
  facet normal 0 -1 0
    outer loop
      vertex 894.0513305664062 484 459.21685791015625
      vertex 905.9486694335938 484 459.21685791015625
      vertex 906 484 460
    endloop
  endfacet
  facet normal 0 -1 0
    outer loop
      vertex 894.2044677734375 484 458.44708251953125
      vertex 905.9486694335938 484 459.21685791015625
      vertex 894.0513305664062 484 459.21685791015625
    endloop
  endfacet
  facet normal 0 -1 0
    outer loop
      vertex 894.2044677734375 484 458.44708251953125
      vertex 905.7955322265625 484 458.44708251953125
      vertex 905.9486694335938 484 459.21685791015625
    endloop
  endfacet
  facet normal 0 -1 0
    outer loop
      vertex 894.4567260742188 484 457.7038879394531
      vertex 905.7955322265625 484 458.44708251953125
      vertex 894.2044677734375 484 458.44708251953125
    endloop
  endfacet
  facet normal 0 -1 0
    outer loop
      vertex 894.4567260742188 484 457.7038879394531
      vertex 905.5432739257812 484 457.7038879394531
      vertex 905.7955322265625 484 458.44708251953125
    endloop
  endfacet
  facet normal 0 -1 0
    outer loop
      vertex 894.8038330078125 484 457
      vertex 905.5432739257812 484 457.7038879394531
      vertex 894.4567260742188 484 457.7038879394531
    endloop
  endfacet
  facet normal 0 -1 0
    outer loop
      vertex 894.8038330078125 484 457
      vertex 905.1961669921875 484 457
      vertex 905.5432739257812 484 457.7038879394531
    endloop
  endfacet
  facet normal 0 -1 0
    outer loop
      vertex 895.2398681640625 484 456.3474426269531
      vertex 905.1961669921875 484 457
      vertex 894.8038330078125 484 457
    endloop
  endfacet
  facet normal 0 -1 0
    outer loop
      vertex 895.2398681640625 484 456.3474426269531
      vertex 904.7601318359375 484 456.3474426269531
      vertex 905.1961669921875 484 457
    endloop
  endfacet
  facet normal 0 -1 0
    outer loop
      vertex 895.7573852539062 484 455.7573547363281
      vertex 904.7601318359375 484 456.3474426269531
      vertex 895.2398681640625 484 456.3474426269531
    endloop
  endfacet
  facet normal 0 -1 0
    outer loop
      vertex 895.7573852539062 484 455.7573547363281
      vertex 904.2426147460938 484 455.7573547363281
      vertex 904.7601318359375 484 456.3474426269531
    endloop
  endfacet
  facet normal 0 -1 0
    outer loop
      vertex 896.347412109375 484 455.2398681640625
      vertex 904.2426147460938 484 455.7573547363281
      vertex 895.7573852539062 484 455.7573547363281
    endloop
  endfacet
  facet normal 0 -1 0
    outer loop
      vertex 896.347412109375 484 455.2398681640625
      vertex 903.652587890625 484 455.2398681640625
      vertex 904.2426147460938 484 455.7573547363281
    endloop
  endfacet
  facet normal 0 -1 0
    outer loop
      vertex 897 484 454.8038330078125
      vertex 903.652587890625 484 455.2398681640625
      vertex 896.347412109375 484 455.2398681640625
    endloop
  endfacet
  facet normal 0 -1 0
    outer loop
      vertex 897 484 454.8038330078125
      vertex 903 484 454.8038330078125
      vertex 903.652587890625 484 455.2398681640625
    endloop
  endfacet
  facet normal 0 -1 0
    outer loop
      vertex 897.7039184570312 484 454.45672607421875
      vertex 903 484 454.8038330078125
      vertex 897 484 454.8038330078125
    endloop
  endfacet
  facet normal 0 -1 0
    outer loop
      vertex 897.7039184570312 484 454.45672607421875
      vertex 902.2960815429688 484 454.45672607421875
      vertex 903 484 454.8038330078125
    endloop
  endfacet
  facet normal 0 -1 0
    outer loop
      vertex 898.4470825195312 484 454.2044372558594
      vertex 902.2960815429688 484 454.45672607421875
      vertex 897.7039184570312 484 454.45672607421875
    endloop
  endfacet
  facet normal 0 -1 0
    outer loop
      vertex 898.4470825195312 484 454.2044372558594
      vertex 901.5529174804688 484 454.2044372558594
      vertex 902.2960815429688 484 454.45672607421875
    endloop
  endfacet
  facet normal 0 -1 0
    outer loop
      vertex 899.2168579101562 484 454.05133056640625
      vertex 901.5529174804688 484 454.2044372558594
      vertex 898.4470825195312 484 454.2044372558594
    endloop
  endfacet
  facet normal 0 -1 0
    outer loop
      vertex 899.2168579101562 484 454.05133056640625
      vertex 900.7831420898438 484 454.05133056640625
      vertex 901.5529174804688 484 454.2044372558594
    endloop
  endfacet
  facet normal 0 -1 0
    outer loop
      vertex 900.7831420898438 484 454.05133056640625
      vertex 899.2168579101562 484 454.05133056640625
      vertex 900 484 454
    endloop
  endfacet
  facet normal 0.06540404519937701 0 0.9978588632023858
    outer loop
      vertex 900 501 466
      vertex 900.7831420898438 500 465.94866943359375
      vertex 900.7831420898438 501 465.94866943359375
    endloop
  endfacet
  facet normal 0.06540404519937701 0 0.9978588632023858
    outer loop
      vertex 900.7831420898438 500 465.94866943359375
      vertex 900 501 466
      vertex 900 500 466
    endloop
  endfacet
  facet normal 0.06540404519937701 0 0.9978588632023858
    outer loop
      vertex 900 485 466
      vertex 900.7831420898438 484 465.94866943359375
      vertex 900.7831420898438 485 465.94866943359375
    endloop
  endfacet
  facet normal 0.06540404519937701 0 0.9978588632023858
    outer loop
      vertex 900.7831420898438 484 465.94866943359375
      vertex 900 485 466
      vertex 900 484 466
    endloop
  endfacet
  facet normal 0 1 0
    outer loop
      vertex 900.7831420898438 501 465.94866943359375
      vertex 899.2168579101562 501 465.94866943359375
      vertex 900 501 466
    endloop
  endfacet
  facet normal 0 1 0
    outer loop
      vertex 901.5529174804688 501 465.7955627441406
      vertex 899.2168579101562 501 465.94866943359375
      vertex 900.7831420898438 501 465.94866943359375
    endloop
  endfacet
  facet normal 0 1 0
    outer loop
      vertex 901.5529174804688 501 465.7955627441406
      vertex 898.4470825195312 501 465.7955627441406
      vertex 899.2168579101562 501 465.94866943359375
    endloop
  endfacet
  facet normal 0 1 0
    outer loop
      vertex 902.2960815429688 501 465.54327392578125
      vertex 898.4470825195312 501 465.7955627441406
      vertex 901.5529174804688 501 465.7955627441406
    endloop
  endfacet
  facet normal 0 1 0
    outer loop
      vertex 902.2960815429688 501 465.54327392578125
      vertex 897.7039184570312 501 465.54327392578125
      vertex 898.4470825195312 501 465.7955627441406
    endloop
  endfacet
  facet normal 0 1 0
    outer loop
      vertex 903 501 465.1961669921875
      vertex 897.7039184570312 501 465.54327392578125
      vertex 902.2960815429688 501 465.54327392578125
    endloop
  endfacet
  facet normal 0 1 0
    outer loop
      vertex 903 501 465.1961669921875
      vertex 897 501 465.1961669921875
      vertex 897.7039184570312 501 465.54327392578125
    endloop
  endfacet
  facet normal 0 1 0
    outer loop
      vertex 903.652587890625 501 464.7601318359375
      vertex 897 501 465.1961669921875
      vertex 903 501 465.1961669921875
    endloop
  endfacet
  facet normal 0 1 0
    outer loop
      vertex 903.652587890625 501 464.7601318359375
      vertex 896.347412109375 501 464.7601318359375
      vertex 897 501 465.1961669921875
    endloop
  endfacet
  facet normal 0 1 0
    outer loop
      vertex 904.2426147460938 501 464.2426452636719
      vertex 896.347412109375 501 464.7601318359375
      vertex 903.652587890625 501 464.7601318359375
    endloop
  endfacet
  facet normal 0 1 0
    outer loop
      vertex 904.2426147460938 501 464.2426452636719
      vertex 895.7573852539062 501 464.2426452636719
      vertex 896.347412109375 501 464.7601318359375
    endloop
  endfacet
  facet normal 0 1 0
    outer loop
      vertex 904.7601318359375 501 463.6525573730469
      vertex 895.7573852539062 501 464.2426452636719
      vertex 904.2426147460938 501 464.2426452636719
    endloop
  endfacet
  facet normal 0 1 0
    outer loop
      vertex 904.7601318359375 501 463.6525573730469
      vertex 895.2398681640625 501 463.6525573730469
      vertex 895.7573852539062 501 464.2426452636719
    endloop
  endfacet
  facet normal 0 1 0
    outer loop
      vertex 905.1961669921875 501 463
      vertex 895.2398681640625 501 463.6525573730469
      vertex 904.7601318359375 501 463.6525573730469
    endloop
  endfacet
  facet normal 0 1 0
    outer loop
      vertex 905.1961669921875 501 463
      vertex 894.8038330078125 501 463
      vertex 895.2398681640625 501 463.6525573730469
    endloop
  endfacet
  facet normal 0 1 0
    outer loop
      vertex 905.5432739257812 501 462.2961120605469
      vertex 894.8038330078125 501 463
      vertex 905.1961669921875 501 463
    endloop
  endfacet
  facet normal 0 1 0
    outer loop
      vertex 905.5432739257812 501 462.2961120605469
      vertex 894.4567260742188 501 462.2961120605469
      vertex 894.8038330078125 501 463
    endloop
  endfacet
  facet normal 0 1 0
    outer loop
      vertex 905.7955322265625 501 461.55291748046875
      vertex 894.4567260742188 501 462.2961120605469
      vertex 905.5432739257812 501 462.2961120605469
    endloop
  endfacet
  facet normal 0 1 0
    outer loop
      vertex 905.7955322265625 501 461.55291748046875
      vertex 894.2044677734375 501 461.55291748046875
      vertex 894.4567260742188 501 462.2961120605469
    endloop
  endfacet
  facet normal 0 1 0
    outer loop
      vertex 905.9486694335938 501 460.78314208984375
      vertex 894.2044677734375 501 461.55291748046875
      vertex 905.7955322265625 501 461.55291748046875
    endloop
  endfacet
  facet normal 0 1 0
    outer loop
      vertex 905.9486694335938 501 460.78314208984375
      vertex 894.0513305664062 501 460.78314208984375
      vertex 894.2044677734375 501 461.55291748046875
    endloop
  endfacet
  facet normal 0 1 0
    outer loop
      vertex 906 501 460
      vertex 894.0513305664062 501 460.78314208984375
      vertex 905.9486694335938 501 460.78314208984375
    endloop
  endfacet
  facet normal 0 1 0
    outer loop
      vertex 906 501 460
      vertex 894 501 460
      vertex 894.0513305664062 501 460.78314208984375
    endloop
  endfacet
  facet normal 0 1 0
    outer loop
      vertex 905.9486694335938 501 459.21685791015625
      vertex 894 501 460
      vertex 906 501 460
    endloop
  endfacet
  facet normal 0 1 0
    outer loop
      vertex 905.9486694335938 501 459.21685791015625
      vertex 894.0513305664062 501 459.21685791015625
      vertex 894 501 460
    endloop
  endfacet
  facet normal 0 1 0
    outer loop
      vertex 905.7955322265625 501 458.44708251953125
      vertex 894.0513305664062 501 459.21685791015625
      vertex 905.9486694335938 501 459.21685791015625
    endloop
  endfacet
  facet normal 0 1 0
    outer loop
      vertex 905.7955322265625 501 458.44708251953125
      vertex 894.2044677734375 501 458.44708251953125
      vertex 894.0513305664062 501 459.21685791015625
    endloop
  endfacet
  facet normal 0 1 0
    outer loop
      vertex 905.5432739257812 501 457.7038879394531
      vertex 894.2044677734375 501 458.44708251953125
      vertex 905.7955322265625 501 458.44708251953125
    endloop
  endfacet
  facet normal 0 1 0
    outer loop
      vertex 905.5432739257812 501 457.7038879394531
      vertex 894.4567260742188 501 457.7038879394531
      vertex 894.2044677734375 501 458.44708251953125
    endloop
  endfacet
  facet normal 0 1 0
    outer loop
      vertex 905.1961669921875 501 457
      vertex 894.4567260742188 501 457.7038879394531
      vertex 905.5432739257812 501 457.7038879394531
    endloop
  endfacet
  facet normal 0 1 0
    outer loop
      vertex 905.1961669921875 501 457
      vertex 894.8038330078125 501 457
      vertex 894.4567260742188 501 457.7038879394531
    endloop
  endfacet
  facet normal 0 1 0
    outer loop
      vertex 904.7601318359375 501 456.3474426269531
      vertex 894.8038330078125 501 457
      vertex 905.1961669921875 501 457
    endloop
  endfacet
  facet normal 0 1 0
    outer loop
      vertex 904.7601318359375 501 456.3474426269531
      vertex 895.2398681640625 501 456.3474426269531
      vertex 894.8038330078125 501 457
    endloop
  endfacet
  facet normal 0 1 0
    outer loop
      vertex 904.2426147460938 501 455.7573547363281
      vertex 895.2398681640625 501 456.3474426269531
      vertex 904.7601318359375 501 456.3474426269531
    endloop
  endfacet
  facet normal 0 1 0
    outer loop
      vertex 904.2426147460938 501 455.7573547363281
      vertex 895.7573852539062 501 455.7573547363281
      vertex 895.2398681640625 501 456.3474426269531
    endloop
  endfacet
  facet normal 0 1 0
    outer loop
      vertex 903.652587890625 501 455.2398681640625
      vertex 895.7573852539062 501 455.7573547363281
      vertex 904.2426147460938 501 455.7573547363281
    endloop
  endfacet
  facet normal 0 1 0
    outer loop
      vertex 903.652587890625 501 455.2398681640625
      vertex 896.347412109375 501 455.2398681640625
      vertex 895.7573852539062 501 455.7573547363281
    endloop
  endfacet
  facet normal 0 1 0
    outer loop
      vertex 903 501 454.8038330078125
      vertex 896.347412109375 501 455.2398681640625
      vertex 903.652587890625 501 455.2398681640625
    endloop
  endfacet
  facet normal 0 1 0
    outer loop
      vertex 903 501 454.8038330078125
      vertex 897 501 454.8038330078125
      vertex 896.347412109375 501 455.2398681640625
    endloop
  endfacet
  facet normal 0 1 0
    outer loop
      vertex 902.2960815429688 501 454.45672607421875
      vertex 897 501 454.8038330078125
      vertex 903 501 454.8038330078125
    endloop
  endfacet
  facet normal 0 1 0
    outer loop
      vertex 902.2960815429688 501 454.45672607421875
      vertex 897.7039184570312 501 454.45672607421875
      vertex 897 501 454.8038330078125
    endloop
  endfacet
  facet normal 0 1 0
    outer loop
      vertex 901.5529174804688 501 454.2044372558594
      vertex 897.7039184570312 501 454.45672607421875
      vertex 902.2960815429688 501 454.45672607421875
    endloop
  endfacet
  facet normal 0 1 0
    outer loop
      vertex 901.5529174804688 501 454.2044372558594
      vertex 898.4470825195312 501 454.2044372558594
      vertex 897.7039184570312 501 454.45672607421875
    endloop
  endfacet
  facet normal 0 1 0
    outer loop
      vertex 900.7831420898438 501 454.05133056640625
      vertex 898.4470825195312 501 454.2044372558594
      vertex 901.5529174804688 501 454.2044372558594
    endloop
  endfacet
  facet normal 0 1 0
    outer loop
      vertex 900.7831420898438 501 454.05133056640625
      vertex 899.2168579101562 501 454.05133056640625
      vertex 898.4470825195312 501 454.2044372558594
    endloop
  endfacet
  facet normal 0 1 0
    outer loop
      vertex 899.2168579101562 501 454.05133056640625
      vertex 900.7831420898438 501 454.05133056640625
      vertex 900 501 454
    endloop
  endfacet
endsolid OpenSCAD_Model
